,id,crawl_time,district,zone,rent_type,room_type,price,area,room_num,hall_num,toilet_num,floor,floor_total,direction,decoration,facilities,pay_type,is_broker,agency_name,subway,bus
,,,,,,,,,,,,,,,,,,,,,
1,5973f1fba9f7e9096a74ae1a,2017/7/23 8:46,通州,北苑,整租,NULL,,60,2,1,1,中,6,南,中,电视|空调|热水器|洗衣机|冰箱|床|沙发|衣柜|暖气|可做饭|阳台|独立卫生间,押一付三,0,NULL,NULL,NULL
2,5a57d68e9d3e617235b87435,2018/1/12 5:26,通州,土桥,,NULL,,92,2,2,1,高,7,南北,精,电视|空调|热水器|洗衣机|冰箱|床|沙发|衣柜|暖气|宽带网|可做饭|独立阳台|独卫,押一付三,1,利未地产,NULL,NULL
3,59737fef5f8f792600867cbe,2017/7/23 0:40,门头沟,永定,,NULL,2300,2300,2,1,1,高,12,南,精,电视|空调|热水器|洗衣机|冰箱|床|沙发|衣柜|暖气|宽带网|可做饭|阳台|独立卫生间,年付,1,金城阜业,NULL,NULL
4,5a142449d4d5903583595d43,2017/11/21 21:04,海淀,五棵松,,NULL,27000,230,4,2,2,中,13,南北,中,电视|空调|热水器|洗衣机|冰箱|床|沙发|衣柜|暖气|宽带网|可做饭|独立阳台|独卫,NULL,1,链家地产,NULL,NULL
5,5ab3dc1b73235e285acbad69,,朝阳,朝青板块,,NULL,5800,68,2,1,1,中,20,南,中,电视|空调|热水器|洗衣机|冰箱|床|沙发|衣柜|暖气|宽带网|可做饭|独立阳台|独卫,押一付一,1,我爱我家,NULL,NULL
6,5a300683d4d59048651e48e9,,朝阳,亚运村,,NULL,1500,15,3,2,2,低,26,南,精,电视|空调|热水器|洗衣机|冰箱|床|沙发|衣柜|暖气|宽带网|可做饭|独立阳台|独卫,押一付三,1,辉煌地产,NULL,NULL
7,5ada227e73235e6762d7a7bd,,朝阳,管庄,整租,NULL,2100,68,2,,1,中,11,北,中,电视|空调|热水器|洗衣机|冰箱|床|沙发|衣柜|暖气|宽带网|可做饭|独立阳台|独卫,押一付二,0,NULL,NULL,NULL
8,5a257c779d3e6117d023329e,,朝阳,太阳宫,合租,NULL,1490,19,3,,1,高,28,南,精,电视|空调|热水器|洗衣机|冰箱|床|沙发|衣柜|暖气|宽带网|可做饭|独立阳台|独卫,押一付一,1,蛋壳公寓,NULL,NULL
9,59aff617ec9854272fdba6e1,,朝阳,高碑店,整租,NULL,5500,75,2,1,1,中,24,东南,中,电视|空调|热水器|洗衣机|冰箱|床|沙发|衣柜|暖气|可做饭|阳台|独卫,押一付三,1,我爱我家,NULL,NULL
10,5aa965b39d3e610beccc087e,,北京周边,涿州,整租,NULL,850,81,1,1,1,低,18,南,精,电视|空调|热水器|洗衣机|冰箱|床|沙发|衣柜|暖气|宽带网|可做饭|独立阳台|独卫,押一付一,0,NULL,NULL,NULL
11,5a2d6c3cd4d59021f36c9421,,昌平,立水桥,整租,NULL,4000,68,1,1,1,高,20,东,精,电视|空调|热水器|洗衣机|冰箱|床|暖气|宽带网|独立阳台,NULL,1,北京永创房地产经纪有限责任公司,NULL,NULL
12,5ac25ab573235e320acc6be2,,北京周边,涿州,整租,NULL,500,53,1,1,1,低,15,北,豪,电视|空调|热水器|洗衣机|冰箱|床|沙发|衣柜|暖气|宽带网|可做饭|独立阳台|独卫,押一付三,0,NULL,NULL,NULL
13,592df7185f8f7928ec43a8d9,,丰台,草桥,合租,NULL,1900,20,2,1,1,低,6,南,简,电视|空调|热水器|洗衣机|冰箱|床|沙发|衣柜|暖气|宽带网|可做饭|阳台|独立卫生间,押一付三,1,天泰置地,NULL,NULL
14,592f513ea9f7e95c70bbe4a3,2017/6/1 7:26,朝阳,朝青板块,整租,NULL,4900,38,1,NULL,1,高,9,西,简,床,押一付三,1,链家地产,NULL,NULL
15,5a491f0f73235e48882f2ad8,2018/1/1 1:32,西城,六铺炕,整租,NULL,6500,60,2,1,1,高,6,东西,精,电视|空调|热水器|洗衣机|冰箱|床|沙发|衣柜|暖气|宽带网|可做饭|独立阳台|独卫,押一付三,1,链家地产,NULL,NULL
16,5abfc1acff8c457e50499705,2018/4/1 1:13,朝阳,芍药居,合租,NULL,3500,25,3,1,1,高,6,南,精,电视|空调|热水器|洗衣机|冰箱|床|沙发|衣柜|暖气|宽带网|可做饭|独立阳台|独卫,押一付一,1,北京我爱我家房地产经纪有限公司,NULL,NULL
17,5acce3b173235e76bebbf738,2018/4/11 0:17,东城,和平里,整租,NULL,5200,62,2,1,1,低,11,南北,精,电视|空调|热水器|洗衣机|冰箱|床|沙发|衣柜|暖气|宽带网|可做饭|独立阳台|独卫,押一付三,1,我爱我家,NULL,NULL
18,5961832da9f7e97f38d1d1df,2017/7/9 9:13,海淀,知春路,合租,NULL,2280,22,3,1,1,中,24,北,中,空调|热水器|洗衣机|冰箱|床|衣柜|暖气|宽带网|可做饭|阳台,押一付一,1,蛋壳公寓,NULL,NULL
19,59c09c2dec9854272fec45cb,2017/9/19 12:25,顺义,后沙峪,整租,NULL,4400,NULL,NULL,NULL,NULL,,,,,空调|热水器|独卫,押一付三,1,金色时光,NULL,NULL
20,594cd272ff99043b1f0415be,2017/6/23 16:33,房山,良乡,合租,NULL,1100,18,3,2,1,高,10,南,精,电视|空调|热水器|洗衣机|冰箱|床|衣柜|暖气|宽带网|阳台|独立卫生间,押一付三,1,优豪斯,NULL,NULL
21,5962b96d5f8f79351348d841,NULL,朝阳,双桥,整租,NULL,6600,75,2,2,1,高,16,南,精,空调|热水器|洗衣机|冰箱|床|沙发|衣柜|暖气|宽带网|可做饭|独立卫生间,押一付三,1,NULL,NULL,NULL
22,5a91a1c473235e7e63ec3fc2,NULL,房山,长阳,整租,NULL,4500,90,2,1,1,低,20,南,精,电视|空调|热水器|洗衣机|冰箱|床|沙发|衣柜|暖气|可做饭|独立阳台|独卫,NULL,1,祥和万家_530,NULL,NULL
23,59d12dc733f035557c6a59cb,NULL,丰台,北大地,合租,NULL,1700,20,2,1,1,低,15,南,,电视|空调|热水器|洗衣机|冰箱|床|沙发|衣柜|暖气|宽带网|可做饭|独立阳台|独卫,押一付一,1,天泰置地,NULL,NULL
24,5ac5158373235e40885035be,NULL,宣武,广安门,整租,NULL,3300,25,1,1,1,低,20,北,精,电视|空调|热水器|洗衣机|冰箱|床|沙发|衣柜|暖气|可做饭|独立阳台|独卫,押一付三,1,我爱我家,NULL,NULL
25,5a87098373235e4c5c531c57,NULL,大兴,黄村,整租,NULL,2700,64,2,1,1,中,6,南,中,电视|空调|热水器|洗衣机|冰箱|床|沙发|衣柜|暖气|宽带网|可做饭|独立阳台|独卫,半年付,1,惠百家房地产,NULL,NULL
26,59f901af33f0351cd32c6c31,NULL,丰台,玉泉营,合租,NULL,2800,30,1,1,1,高,18,南,精,电视|空调|热水器|洗衣机|冰箱|床|沙发|衣柜|暖气|宽带网|可做饭|独立阳台|独卫,押一付三,1,中天置地,NULL,NULL
27,5a242a49d4d59023c2f103b7,NULL,大兴,亦庄,整租,NULL,3700,36,1,1,1,中,28,东,中,电视|空调|热水器|洗衣机|冰箱|床|沙发|衣柜|暖气|可做饭|独卫,押一付三,0,NULL,NULL,NULL
28,59b7248233f035593cf5acdc,NULL,朝阳,十里堡,整租,NULL,5000,NULL,NULL,NULL,NULL,,,,,空调|热水器|洗衣机|冰箱|床|暖气|可做饭|独立阳台|独卫,押一付三,1,我爱我家,NULL,NULL
29,5a57c09b9d3e617235b7898d,2018/1/12 3:52,海淀,北大清华,整租,NULL,5500,45,1,1,1,低,6,南北,精,电视|空调|热水器|洗衣机|冰箱|床|沙发|衣柜|暖气|宽带网|可做饭|独立阳台|独卫,押一付三,1,惠达家业,NULL,NULL
30,5abe79b3ff8c457e5031906a,2018/3/31 1:53,西城,木樨地,整租,NULL,12000,110,2,1,1,低,16,南北,精,电视|空调|热水器|洗衣机|冰箱|床|沙发|衣柜|暖气|宽带网|可做饭|独立阳台|独卫,押一付三,1,21世纪不动产,NULL,NULL
31,5a0ab8c0ec98545ea3c3a6ca,2017/11/14 17:34,丰台,玉泉营,合租,NULL,1400,15,1,NULL,1,,2,南,精,,押一付一,1,中友置地,NULL,NULL
32,5a79d3db98e1b82d3f82a7e5,2018/2/7 0:12,顺义,李桥,整租,NULL,2700,60,1,1,1,低,16,南北,精,电视|空调|热水器|洗衣机|冰箱|床|沙发|衣柜|暖气|宽带网|可做饭|独立阳台|独卫,押一付三,1,金色时光,NULL,NULL
33,5a65ba2f9d3e610c7e9138c2,2018/1/22 18:17,西城,真武庙,整租,NULL,13000,100,3,1,1,中,20,东南,中,电视|空调|热水器|洗衣机|冰箱|床|沙发|衣柜|暖气|可做饭|独立阳台|独卫,NULL,1,NULL,NULL,NULL
34,5a4bbcb89d3e6171a8c401db,2018/1/3 1:09,海淀,其他,合租,NULL,7000,120,3,1,1,低,18,南,精,空调|热水器|洗衣机|冰箱|床|暖气|宽带网|可做饭,押一付一,1,蛋壳公寓,NULL,NULL
35,59f042fcec9854777a514de6,2017/10/25 15:53,朝阳,健翔桥,整租,NULL,6000,62,2,1,1,高,16,南,,床,押一付三,1,链家地产,NULL,NULL
36,5a141f74d4d5903160261925,2017/11/21 20:43,丰台,马家堡,整租,NULL,4400,65,1,1,1,低,18,南,精,电视|空调|热水器|洗衣机|冰箱|床|沙发|衣柜|暖气|宽带网|可做饭|独立阳台|独卫,押一付三,1,中天置地,NULL,NULL
37,5a1c6a5bd4d59007416a765b,2017/11/28 3:41,石景山,鲁谷,合租,NULL,1450,15,4,1,1,高,9,南,精,电视|空调|热水器|洗衣机|冰箱|床|暖气|宽带网,押一付三,1,北京金彤蕊房地产经纪有限公司,NULL,NULL
38,5a0d44ae33f03543b9d8ca58,2017/11/16 15:56,朝阳,北工大,整租,NULL,4500,86,2,1,1,低,22,南,精,电视|空调|热水器|洗衣机|冰箱|床|沙发|衣柜|暖气|宽带网|可做饭|独立阳台|独卫,押一付三,1,星宇雅居,NULL,NULL
39,599f1c25a9f7e95b466b3ff5,2017/8/25 2:34,宣武,牛街,整租,NULL,4400,65,1,1,1,低,6,南,精,,押一付一,1,NULL,NULL,NULL
40,59f92fb933f0351cd32d526a,2017/11/1 10:21,丰台,方庄,整租,NULL,2200,15,1,1,1,高,25,南,精,电视|空调|热水器|洗衣机|冰箱|床|沙发|衣柜|暖气|宽带网|可做饭|独立阳台|独卫,押一付一,1,我爱我家,NULL,NULL
41,5abbc4ce73235e50cf9025e4,2018/3/29 0:37,朝阳,酒仙桥,合租,NULL,2500,30,3,2,2,低,11,南,精,电视|空调|热水器|洗衣机|冰箱|床|沙发|衣柜|暖气|宽带网|可做饭|独立阳台|独卫,押一付三,1,中天鸿远,NULL,NULL
42,592f3eb3a9f7e95c70bbc9c0,2017/6/1 6:07,西城,西直门,合租,NULL,1700,14,2,1,1,高,6,,,空调|热水器|洗衣机|冰箱|床|衣柜|暖气|宽带网|可做饭|阳台,NULL,0,NULL,NULL,NULL
43,5ae7425173235e541fe093ae,2018/5/1 0:20,通州,马驹桥,整租,NULL,5800,170,3,1,2,中,11,南,中,电视|空调|热水器|洗衣机|冰箱|床|沙发|衣柜|暖气|宽带网|可做饭|独立阳台|独卫,押一付三,1,华居地产,NULL,NULL
44,5a13d7bad4d590370c73538e,2017/11/21 15:37,朝阳,小关,整租,NULL,5000,65,2,1,1,中,6,南北,中,,押一付一,1,国良乐居,NULL,NULL
45,5a394d0ed4d5907e33c114c5,2017/12/20 1:31,通州,九棵树,整租,NULL,5300,90,2,1,1,低,22,南,简,,押一付三,1,我爱我家,NULL,NULL
46,5abe6b79ff8c457e5030f5de,2018/3/31 0:53,顺义,后沙峪,整租,NULL,3300,60,1,1,1,中,13,南,中,电视|空调|热水器|洗衣机|冰箱|床|沙发|衣柜|暖气|宽带网|可做饭|独立阳台|独卫,NULL,1,金色时光,NULL,NULL
47,5a3792d5d4d59005860de9d3,2017/12/18 18:05,通州,临河里,整租,NULL,4600,92,3,1,1,低,29,南北,简,电视|空调|热水器|洗衣机|冰箱|床|暖气|宽带网,押一付一,1,我爱我家,NULL,NULL
48,599afb495f8f790acd9d2c93,2017/8/21 23:24,大兴,黄村,整租,NULL,3400,88,2,1,1,中,16,南北,中,电视|空调|热水器|洗衣机|冰箱|床|沙发|衣柜|暖气|宽带网|可做饭|阳台|独卫,押一付三,1,我爱我家,NULL,NULL
49,5aabff8973235e031298bfa4,2018/3/17 1:31,顺义,顺义城区,整租,NULL,3600,50,1,1,1,低,10,南北,精,电视|空调|热水器|洗衣机|冰箱|床|沙发|衣柜|暖气|宽带网|可做饭|独立阳台|独卫,押一付三,1,金色时光,NULL,NULL
50,5a3549f69d3e617dcb10fba6,2017/12/17 0:29,海淀,清河,合租,NULL,1900,18,3,1,1,中,25,南,中,电视|空调|热水器|洗衣机|冰箱|床|沙发|衣柜|暖气|宽带网|可做饭|独立阳台|独卫,押一付一,1,蛋壳公寓,NULL,NULL
51,5a5ce1a498e1b813d7622775,2018/1/16 1:15,通州,新华大街,整租,NULL,5900,87,2,2,1,高,18,南北,精,电视|空调|热水器|洗衣机|冰箱|床|沙发|衣柜|暖气|宽带网|可做饭|独立阳台|独卫,押一付一,1,我爱我家,NULL,NULL
52,5a6551e898e1b85aaa20e249,2018/1/22 10:52,朝阳,十里堡,整租,NULL,5600,70,1,1,1,中,32,南,中,电视|空调|热水器|洗衣机|冰箱|床|沙发|衣柜|暖气|可做饭|独立阳台|独卫,押一付三,1,思廷地产_530,NULL,NULL
53,5ad78f1173235e04b32216a3,2018/4/19 2:31,北京周边,涿州,整租,NULL,600,43,1,1,1,高,32,南北,精,电视|空调|洗衣机|冰箱|床|沙发|衣柜|暖气|宽带网|可做饭|独立阳台|独卫,押一付一,0,NULL,NULL,NULL
54,599c43115f8f790acd9ea64b,2017/8/22 22:43,昌平,回龙观,合租,NULL,2000,45,3,1,2,中,27,南,中,电视|空调|热水器|洗衣机|冰箱|床|沙发|衣柜|暖气|宽带网|可做饭|阳台|独卫,押一付一,1,柠檬房产,NULL,NULL
55,59d0874633f035557c671ab8,2017/10/1 14:12,通州,果园,整租,NULL,3000,75,2,1,1,低,6,南北,,电视|空调|热水器|洗衣机|冰箱|床|沙发|衣柜|暖气|可做饭|独立阳台|独卫,押一付三,1,链家地产,NULL,NULL
56,599b5d1ba9f7e95b4666ac56,2017/8/22 6:22,密云,密云城区,整租,NULL,1800,78,2,2,1,高,6,南北,精,电视|空调|热水器|洗衣机|冰箱|床|沙发|衣柜|暖气|宽带网|可做饭|阳台|独卫,押一付三,1,金色时光,NULL,NULL
57,5ae7563c73235e541d206432,2018/5/1 1:45,朝阳,酒仙桥,整租,NULL,1800,43,1,1,1,高,15,东西,简,电视|空调|热水器|洗衣机|冰箱|床|沙发|衣柜|暖气|宽带网|可做饭|独立阳台|独卫,押一付一,0,NULL,NULL,NULL
58,59b1bedeec9854272fdf2dd3,2017/9/8 5:49,朝阳,十里堡,整租,NULL,4500,NULL,NULL,NULL,NULL,,,,,可做饭|独立阳台|独卫,押一付一,1,我爱我家,NULL,NULL
59,5a7885a89d3e6150859f8812,2018/2/6 0:26,西城,新街口,合租,NULL,1600,13,4,2,2,高,6,西,精,电视|空调|热水器|洗衣机|冰箱|床|衣柜|暖气|宽带网|可做饭|独立阳台|独卫,押一付三,1,安居家园,NULL,NULL
60,5a13eaa5d4d59032ddb3d6cc,2017/11/21 16:58,朝阳,东坝,整租,NULL,3900,70,1,1,1,中,21,南北,中,电视|空调|热水器|洗衣机|冰箱|床|沙发|衣柜|暖气|可做饭|独立阳台|独卫,押一付三,1,鸿运久居,NULL,NULL
61,5a7d3bbd9d3e616fe330c2bb,2018/2/9 14:12,朝阳,朝阳公园,整租,NULL,1800,50,1,1,1,高,19,西北,简,电视|空调|热水器|洗衣机|冰箱|床|沙发|衣柜|暖气|宽带网|可做饭|独立阳台|独卫,押一付一,0,NULL,NULL,NULL
62,59b21d7a33f035593cf0d14a,2017/9/8 12:32,大兴,枣园,整租,NULL,2900,NULL,NULL,NULL,NULL,,,,,可做饭|独立阳台|独卫,NULL,0,NULL,NULL,NULL
63,5a13dbebd4d59032ddb365cb,2017/11/21 15:55,朝阳,十里堡,整租,NULL,4800,58,2,1,1,低,6,南,简,床,押一付三,1,链家地产,NULL,NULL
64,592d3cd4a9f7e95c70b99084,2017/5/30 17:35,顺义,李桥,整租,NULL,500,30,1,1,1,,3,,,空调|热水器|床|暖气|宽带网|独立卫生间,NULL,0,NULL,NULL,NULL
65,599b17935f8f790acd9d527a,2017/8/22 1:25,朝阳,石佛营,整租,NULL,5000,43,1,NULL,1,低,22,北,精,电视|空调|热水器|洗衣机|冰箱|床|沙发|衣柜|暖气|宽带网|可做饭|阳台|独卫,押一付三,1,链家地产,NULL,NULL
66,5ad4ccbe73235e1be05b9afa,2018/4/17 0:18,丰台,青塔,合租,NULL,3500,35,2,1,2,中,14,北,中,空调|热水器|洗衣机|冰箱|床|衣柜|暖气|可做饭|独立阳台|独卫,押一付三,1,京润翔,NULL,NULL
67,5abbc8d573235e50cf905a3d,2018/3/29 0:54,北京周边,香河,整租,NULL,750,130,3,1,1,,2,南,精,电视|空调|热水器|洗衣机|冰箱|床|沙发|衣柜|暖气|宽带网|可做饭|独立阳台|独卫,押一付一,0,NULL,NULL,NULL
68,59b25daa33f035593cf12232,2017/9/8 17:06,东城,雍和宫,整租,NULL,6000,NULL,NULL,NULL,NULL,,,,,电视|空调|热水器|洗衣机|冰箱|床|沙发|衣柜|暖气|可做饭|独立阳台|独卫,NULL,1,嘉诚易家房产,NULL,NULL
69,599c6a875f8f790acd9ed95c,2017/8/23 1:31,石景山,玉泉路,整租,NULL,10000,140,4,2,2,低,15,南北,豪,电视|空调|热水器|洗衣机|冰箱|床|沙发|衣柜|暖气|宽带网|可做饭|阳台|独卫,押一付三,1,我爱我家,NULL,NULL
70,5999a7c55f8f790acd9bb298,2017/8/20 23:16,崇文,永定门,整租,NULL,4800,55,2,1,1,中,6,南北,中,电视|空调|热水器|洗衣机|冰箱|床|沙发|衣柜|暖气|宽带网|可做饭|阳台|独卫,押一付三,1,我爱我家,NULL,NULL
71,5a25807f9d3e6117b0255523,2017/12/5 1:06,通州,北关,合租,NULL,2100,20,3,1,1,高,20,南,精,电视|空调|热水器|洗衣机|冰箱|床|沙发|衣柜|暖气|宽带网|可做饭|独立阳台|独卫,押一付一,1,蛋壳公寓,NULL,NULL
72,5a0d993e33f03543b9db400b,2017/11/16 21:57,海淀,西二旗,整租,NULL,30000,350,5,2,3,,3,南北,精,空调|热水器|暖气|宽带网|可做饭|独立阳台|独卫,押一付三,0,NULL,NULL,NULL
73,5ab684319d3e615f4581d469,2018/3/25 1:00,海淀,五棵松,整租,NULL,1800,43,1,1,1,高,11,南北,简,电视|空调|热水器|床|沙发|衣柜|宽带网|独卫,押一付二,0,NULL,NULL,NULL
74,5a639f0598e1b87492f13588,2018/1/21 3:56,通州,北苑,合租,NULL,1400,20,4,1,1,高,6,南,精,电视|空调|热水器|洗衣机|冰箱|床|沙发|衣柜|暖气|宽带网,押一付一,1,博友园房地产,NULL,NULL
75,59d19b3c33f035557c6c2d3f,2017/10/2 9:49,海淀,西北旺,合租,NULL,1380,16,2,1,1,中,12,南,中,空调|热水器|洗衣机|冰箱|床|沙发|衣柜|暖气|宽带网|独立阳台|独卫,押一付一,1,独立经纪人,NULL,NULL
76,5ae74b2f73235e5421f27916,2018/5/1 0:58,朝阳,豆各庄,整租,NULL,700,70,1,1,1,低,16,东,豪,电视|空调|热水器|洗衣机|冰箱|床|沙发|衣柜|暖气|宽带网|可做饭|独立阳台|独卫,NULL,0,NULL,NULL,NULL
77,5a13ecf8d4d590316025a59d,2017/11/21 17:08,朝阳,常营,整租,NULL,5600,84,2,1,1,中,28,南,中,电视|空调|热水器|洗衣机|冰箱|床|沙发|衣柜|暖气|宽带网|可做饭|独立阳台|独卫,押一付三,1,我爱我家,NULL,NULL
78,596a03d25f8f793513525cb7,2017/7/15 20:00,通州,马驹桥,整租,NULL,2800,88,2,1,1,低,16,南,精,空调|热水器|洗衣机|冰箱|床|沙发|衣柜|暖气|宽带网|可做饭|阳台|独立卫生间,押一付三,0,NULL,NULL,NULL
79,5a1da589d4d5902ef29b68a8,2017/11/29 2:06,朝阳,酒仙桥,合租,NULL,2200,22,3,1,1,中,22,南,中,电视|空调|热水器|洗衣机|冰箱|床|沙发|衣柜|暖气|宽带网|可做饭|独立阳台|独卫,押一付三,1,蛋壳公寓,NULL,NULL
80,5a242f029d3e614a067861a9,2017/12/4 1:06,通州,马驹桥,合租,NULL,2000,23,3,1,1,中,28,西南,中,电视|空调|热水器|洗衣机|冰箱|床|沙发|衣柜|暖气|宽带网|可做饭|独立阳台|独卫,押一付一,1,蛋壳公寓,NULL,NULL
81,5972f3d55f8f79260085d696,2017/7/22 14:42,朝阳,酒仙桥,整租,NULL,1850,22,3,1,2,中,16,南,中,空调|热水器|洗衣机|冰箱|床|暖气,押一付三,1,NULL,NULL,NULL
82,5975355ea9f7e9096a7611fc,2017/7/24 7:46,朝阳,四惠,整租,NULL,10500,116,2,2,1,中,30,东南,中,电视|空调|热水器|洗衣机|冰箱|床|暖气,押一付三,1,NULL,NULL,NULL
83,59722872a9f7e9096a726e86,2017/7/22 0:14,昌平,沙河,整租,NULL,2700,76,2,1,1,高,10,南,简,电视|空调|热水器|洗衣机|冰箱|床|暖气|宽带网|可做饭,押一付三,1,亿家缘,NULL,NULL
84,5a81c1fa73235e345c9ac4e6,2018/2/13 0:34,海淀,皂君庙,整租,NULL,1500,54,2,1,1,中,11,东南,中,电视|空调|热水器|洗衣机|冰箱|床|沙发|衣柜|暖气|宽带网|可做饭|独立阳台|独卫,押一付一,0,NULL,NULL,NULL
85,5ae7607a73235e541d20f48c,2018/5/1 2:29,崇文,广渠门,合租,NULL,2960,52,3,2,2,高,6,南,简,电视|空调|热水器|洗衣机|冰箱|床|衣柜|暖气|宽带网|可做饭,NULL,0,NULL,NULL,NULL
86,59d13b5633f035557c6a94c1,2017/10/2 3:00,西城,三里河,整租,NULL,4800,45,1,1,1,低,12,南,,电视|空调|热水器|洗衣机|冰箱|床|暖气,NULL,1,NULL,NULL,NULL
87,5ad22fed9d3e610ea25dd14f,2018/4/15 0:44,北京周边,其他,整租,NULL,4200,70,1,1,1,中,11,南,中,电视|空调|热水器|洗衣机|冰箱|床|沙发|衣柜|暖气|宽带网|可做饭|独立阳台|独卫,押一付三,1,恒洋我家,NULL,NULL
88,59637b105f8f79351349e3d0,2017/7/10 21:03,海淀,军博,整租,NULL,15000,140,3,1,2,低,21,南北,精,电视|空调|热水器|洗衣机|冰箱|床|沙发|衣柜|暖气|宽带网|可做饭|阳台|独立卫生间,押一付一,1,我爱我家,NULL,NULL
89,5ac7a74e73235e4cec8ae54d,2018/4/7 0:58,房山,良乡,合租,NULL,1000,29,1,1,1,中,9,南,中,电视|空调|热水器|洗衣机|冰箱|床|沙发|衣柜|暖气|宽带网|可做饭|独立阳台|独卫,押一付三,1,中房置梦,NULL,NULL
90,5a4a601373235e0fb1f4b844,2018/1/2 0:21,丰台,赵公口,合租,NULL,1700,15,4,1,2,中,15,南,中,电视|空调|热水器|洗衣机|冰箱|床|沙发|衣柜|暖气|宽带网|可做饭|独卫,押一付三,1,中天置家,NULL,NULL
91,59d02ebb33f035557c653c16,2017/10/1 7:54,朝阳,亚运村,合租,NULL,1200,14,NULL,NULL,NULL,中,12,南,中,电视|空调|热水器|洗衣机|冰箱|床|沙发|衣柜|暖气|可做饭|独立阳台|独卫,押一付一,1,一铭公寓,NULL,NULL
92,5ab3ec8a73235e285bf6c595,2018/3/23 1:48,朝阳,劲松,整租,NULL,1800,30,2,1,1,中,28,南,中,电视|空调|热水器|洗衣机|冰箱|床|沙发|衣柜|暖气|宽带网|可做饭|独立阳台,押一付三,1,北京中天置地_D101,NULL,NULL
93,597a41f15f8f7926008dd1ea,2017/7/28 3:41,朝阳,惠新西街,整租,NULL,5200,75,2,1,1,中,6,南北,中,电视|空调|热水器|洗衣机|冰箱|床|沙发|衣柜|暖气|宽带网|可做饭|阳台|独立卫生间,押一付三,1,我爱我家,NULL,NULL
94,5aae906a9d3e612c8572e645,2018/3/19 0:14,石景山,玉泉路,整租,NULL,4300,48,1,1,1,低,7,南北,精,电视|空调|热水器|洗衣机|冰箱|床|沙发|衣柜|暖气|宽带网|可做饭|独立阳台|独卫,押一付一,1,我爱我家,NULL,NULL
95,5976784d5f8f79260089e08d,2017/7/25 6:44,房山,窦店,整租,NULL,2500,89,2,1,1,高,15,,,电视|空调|热水器|洗衣机|冰箱|床|沙发|衣柜|暖气|宽带网|可做饭|阳台,NULL,0,NULL,NULL,NULL
96,599ac6b25f8f790acd9ceb14,2017/8/21 19:40,朝阳,酒仙桥,整租,NULL,28000,221,3,2,3,低,30,南北,精,床,押一付三,1,北京链家房地产经纪有限公司,NULL,NULL
97,5a14268fd4d590332132d486,2017/11/21 21:13,朝阳,三元桥,合租,NULL,1750,18,3,1,1,中,28,南,中,电视|空调|热水器|洗衣机|冰箱|床|沙发|衣柜|暖气|宽带网|可做饭|独立阳台|独卫,押一付一,1,蛋壳公寓,NULL,NULL
98,59d123c233f035557c6a3076,2017/10/2 1:20,东城,朝阳门,整租,NULL,6666,65,2,1,1,高,6,南北,,电视|空调|热水器|洗衣机|冰箱|床|沙发|衣柜|暖气|宽带网|可做饭|独立阳台|独卫,押一付三,1,中恒建业,NULL,NULL
99,5a997e729d3e612306f37aaa,2018/3/3 0:40,朝阳,望京,合租,NULL,2500,28,3,1,1,,5,南,精,电视|空调|热水器|洗衣机|冰箱|床|沙发|衣柜|暖气|宽带网|可做饭,押一付三,0,NULL,NULL,NULL
100,59f067c433f0351689b8ad28,2017/10/25 18:30,顺义,天竺,整租,NULL,1200,28,1,NULL,1,,3,南,,电视|空调|热水器|床|衣柜|暖气|可做饭|独卫,NULL,0,NULL,NULL,NULL
101,59d0820e33f035557c66ff23,2017/10/1 13:50,朝阳,百子湾,合租,NULL,2800,60,3,2,2,高,18,南,,电视|空调|热水器|洗衣机|冰箱|床|沙发|衣柜|暖气|宽带网|可做饭|独立阳台|独卫,押一付三,1,腾凯达（北京）房地产经纪有限公司,NULL,NULL
102,5a5cd58773235e6e83ddb538,2018/1/16 0:23,丰台,宋家庄,整租,NULL,7500,130,2,2,2,低,15,南北,精,电视|空调|热水器|洗衣机|冰箱|床|暖气|宽带网,押一付三,1,中天置家,NULL,NULL
103,5ae74b7c9d3e613cee800e03,2018/5/1 0:59,通州,玉桥,合租,NULL,1300,20,3,1,1,低,6,南,精,电视|空调|热水器|洗衣机|冰箱|床|沙发|衣柜|暖气|宽带网|可做饭|独立阳台|独卫,押一付一,1,博友园房地产,NULL,NULL
104,59f9879333f0351cd32ef455,2017/11/1 16:36,昌平,天通苑,整租,NULL,700,18,1,NULL,1,中,28,南北,中,空调|热水器|洗衣机|床|衣柜|暖气|宽带网|可做饭|独卫,押一付一,1,嘉佳地产,NULL,NULL
105,5a50f97398e1b81ac86ad615,2018/1/7 0:29,通州,梨园,合租,NULL,1600,30,2,1,1,低,18,南北,精,电视|空调|热水器|洗衣机|冰箱|床|暖气|宽带网|可做饭,押一付三,1,一铭公寓,NULL,NULL
106,5a57a6229d3e617235b66b54,2018/1/12 2:00,海淀,四季青,整租,NULL,4600,57,1,1,1,中,6,南北,中,电视|空调|热水器|洗衣机|冰箱|床|沙发|衣柜|暖气|宽带网|可做饭|独立阳台|独卫,年付,1,天雨金润,NULL,NULL
107,5a524c8f9d3e6162fcaccc11,2018/1/8 0:36,朝阳,朝青板块,整租,NULL,13000,164,3,2,2,高,12,南北,精,电视|空调|热水器|洗衣机|冰箱|床|沙发|衣柜|暖气|宽带网|可做饭|独立阳台|独卫,押一付三,1,麦田房产,NULL,NULL
108,5ae7620873235e5420d4be97,2018/5/1 2:35,昌平,沙河镇,整租,NULL,1000,91,2,1,1,中,9,南,中,电视|空调|热水器|洗衣机|冰箱|床|沙发|衣柜|暖气|宽带网|可做饭|独立阳台|独卫,押一付一,0,NULL,NULL,NULL
109,59b127b733f035593cef7484,2017/9/7 19:04,朝阳,垡头,整租,NULL,3600,NULL,NULL,NULL,NULL,,,,,电视|空调|热水器|洗衣机|冰箱|床|沙发|衣柜|暖气|可做饭|独立阳台|独卫,押一付一,1,我爱我家,NULL,NULL
110,5aa955f973235e76154272c2,2018/3/15 1:03,东城,和平里,整租,NULL,988,82,1,1,1,中,15,东,中,电视|空调|热水器|洗衣机|冰箱|床|沙发|衣柜|宽带网|可做饭|独立阳台|独卫,NULL,0,NULL,NULL,NULL
111,5ae747379d3e613cef19276c,2018/5/1 0:41,丰台,马家堡,整租,NULL,1800,36,1,1,1,中,7,南,中,电视|空调|热水器|洗衣机|冰箱|床|沙发|衣柜|暖气|宽带网|可做饭|独立阳台|独卫,押一付二,0,NULL,NULL,NULL
112,5abbd1b79d3e6102c2ad7f68,2018/3/29 1:32,昌平,天通苑,合租,NULL,1600,17,2,1,1,中,12,南,中,电视|空调|热水器|洗衣机|冰箱|床|沙发|衣柜|暖气|宽带网|可做饭,押一付一,1,房脉置地,NULL,NULL
113,5aae91769d3e612c8572f1ff,2018/3/19 0:19,昌平,天通苑,合租,NULL,900,16,1,1,1,中,13,南,中,电视|空调|热水器|洗衣机|冰箱|床|沙发|衣柜|暖气|可做饭|独立阳台,押一付一,1,独立经纪人_530,NULL,NULL
114,592d1d59a9f7e95c70b9573a,2017/5/30 15:20,昌平,立水桥,整租,NULL,5000,100,3,2,1,中,27,南北,中,电视|空调|热水器|洗衣机|冰箱|床|沙发|衣柜|暖气|宽带网|可做饭|阳台|独立卫生间,押一付一,1,我爱我家,NULL,NULL
115,5abfc2229d3e615faf3552ed,2018/4/1 1:15,北京周边,NULL,整租,NULL,500,57,1,1,1,高,20,南北,精,电视|空调|洗衣机|冰箱|床|沙发|衣柜|暖气|宽带网|可做饭|独立阳台|独卫,押一付一,0,NULL,NULL,NULL
116,59b34e8aec9854272fe1100d,2017/9/9 10:14,朝阳,国贸,整租,NULL,6200,NULL,NULL,NULL,NULL,,,,,电视|空调|热水器|洗衣机|冰箱|床|沙发|衣柜|暖气|可做饭|独立阳台|独卫,押一付三,1,中恒建业,NULL,NULL
117,5a65ca2873235e4e940ff309,2018/1/22 19:25,丰台,石榴庄,整租,NULL,3400,56,2,1,1,中,6,西,中,,押一付三,1,NULL,NULL,NULL
118,5a6b59e273235e7c5af3082b,2018/1/27 0:40,通州,北关,合租,NULL,1650,21,3,1,1,中,28,南,中,空调|热水器|洗衣机|冰箱|床|衣柜|暖气|宽带网|可做饭|独立阳台,押一付一,1,NULL,NULL,NULL
119,5ab689b973235e364500f7a7,2018/3/25 1:24,海淀,清河,整租,NULL,908,88,1,1,1,中,17,东,中,电视|空调|热水器|洗衣机|冰箱|床|沙发|衣柜|宽带网|可做饭|独立阳台|独卫,NULL,0,NULL,NULL,NULL
120,59d034f533f035557c655b17,2017/10/1 8:21,丰台,北大地,整租,NULL,3600,35,1,1,1,高,29,南,,电视|空调|热水器|洗衣机|冰箱|床|沙发|衣柜|暖气|宽带网|可做饭|独立阳台|独卫,押一付三,1,春晓地产,NULL,NULL
121,5ae219179d3e61727b353377,2018/4/27 2:23,北京周边,NULL,整租,NULL,500,50,1,1,1,低,20,南北,精,电视|空调|洗衣机|冰箱|床|沙发|衣柜|暖气|宽带网|可做饭|独立阳台|独卫,押一付一,0,NULL,NULL,NULL
122,5a65533398e1b85acaba0b62,2018/1/22 10:57,昌平,沙河镇,整租,NULL,750,25,1,NULL,NULL,中,7,南,中,空调|热水器|洗衣机|床|衣柜|暖气|宽带网|可做饭|独立阳台|独卫,NULL,0,NULL,NULL,NULL
123,5ae4ad8d9d3e6159f4e90e64,2018/4/29 1:21,大兴,旧宫,整租,NULL,3800,65,2,1,1,中,6,南北,中,可做饭|独立阳台|独卫,押一付三,1,我爱我家,NULL,NULL
124,5abe7468ff8c457e503155a1,2018/3/31 1:31,顺义,NULL,整租,NULL,450,46,1,1,1,中,8,东,中,电视|床,押一付一,0,NULL,NULL,NULL
125,5a2c12eed4d5905a01182f89,2017/12/10 0:44,崇文,天坛,整租,NULL,5500,50,2,1,1,低,6,南北,精,电视|空调|热水器|洗衣机|冰箱|床|衣柜|暖气|可做饭|独立阳台|独卫,押一付三,1,我爱我家,NULL,NULL
126,5a26c6579d3e615f1a396e05,2017/12/6 0:16,海淀,清河,整租,NULL,5300,70,2,1,1,中,6,南北,中,电视|空调|热水器|洗衣机|冰箱|床|沙发|衣柜|暖气|宽带网|可做饭|独立阳台|独卫,押一付一,1,我爱我家,NULL,NULL
127,5a4e5f9a98e1b80e54b09df0,2018/1/5 1:08,朝阳,花家地,合租,NULL,2000,24,3,1,1,中,6,南,中,电视|空调|热水器|洗衣机|冰箱|床|沙发|衣柜|暖气|宽带网|可做饭|独立阳台|独卫,押一付三,1,广发,NULL,NULL
128,5a9978e89d3e6122d42c3df7,2018/3/3 0:16,通州,北关,整租,NULL,7000,70,2,2,2,低,7,南,精,空调|热水器|洗衣机|冰箱|床|暖气|独立阳台|独卫,押一付三,1,我爱我家,NULL,NULL
129,5a524c4573235e343885854a,2018/1/8 0:35,朝阳,常营,整租,NULL,6300,89,2,1,1,中,29,西北,中,电视|空调|热水器|洗衣机|冰箱|床|暖气|宽带网,押一付三,1,恒洋我家,NULL,NULL
130,59d1a55fec9854596071afc5,2017/10/2 10:33,通州,新华大街,整租,NULL,2600,50,1,1,1,中,6,南北,中,电视|空调|热水器|洗衣机|冰箱|床|沙发|衣柜|暖气|宽带网|可做饭|独立阳台|独卫,押一付一,1,我爱我家,NULL,NULL
131,5a2d7079d4d59021f36cdb2e,2017/12/11 1:35,丰台,刘家窑,整租,NULL,1800,20,1,1,1,中,21,南北,中,电视|空调|热水器|洗衣机|冰箱|床|暖气|宽带网,押一付一,1,北京美丽屋资产管理有限公司,NULL,NULL
132,59f0404e33f0351689b681c5,2017/10/25 15:42,朝阳,左家庄,整租,NULL,5000,66,2,1,1,高,12,东南,,电视|空调|热水器|洗衣机|冰箱|床|沙发|衣柜|暖气|宽带网|可做饭|独立阳台|独卫,押一付三,1,我爱我家,NULL,NULL
133,5a1c6124d4d59007e94d62d0,2017/11/28 3:01,朝阳,国展,合租,NULL,1490,17,2,1,1,中,28,南,中,电视|空调|热水器|洗衣机|冰箱|床|沙发|衣柜|暖气|宽带网|可做饭|独立阳台|独卫,押一付一,1,蛋壳公寓,NULL,NULL
134,59a0934d5f8f790acda3b122,2017/8/26 5:14,崇文,广渠门,整租,NULL,4800,51,2,NULL,1,中,6,南,中,电视|空调|热水器|洗衣机|冰箱|床|暖气,NULL,1,NULL,NULL,NULL
135,594b3746a9f7e9181a72dad4,2017/6/22 11:19,海淀,牡丹园,整租,NULL,6800,78,2,1,1,中,24,西,中,电视|空调|热水器|洗衣机|冰箱|床|沙发|衣柜|暖气|宽带网|可做饭|阳台|独立卫生间,押一付三,1,我爱我家,NULL,NULL
136,5a2819e9d4d5907c0b5187a5,2017/12/7 0:25,昌平,回龙观,整租,NULL,6500,130,3,1,1,低,6,南,精,电视|空调|热水器|洗衣机|冰箱|床|沙发|衣柜|暖气|宽带网|可做饭|独立阳台|独卫,押一付一,1,我爱我家,NULL,NULL
137,5a5b828198e1b84d308082c8,2018/1/15 0:17,昌平,天通苑,整租,NULL,6000,135,3,1,1,中,6,南北,中,电视|空调|热水器|洗衣机|冰箱|床|沙发|衣柜|暖气|宽带网|可做饭|独立阳台|独卫,押一付三,1,我爱我家,NULL,NULL
138,5a0d1cda33f03543b9d75c94,2017/11/16 13:06,石景山,苹果园,整租,NULL,4600,75,2,1,1,低,12,南,精,床,押一付三,1,链家地产,NULL,NULL
139,5a0e879433f03543b9e09763,2017/11/17 14:54,丰台,成寿寺,合租,NULL,1850,26,2,1,1,中,26,南,中,电视|空调|热水器|洗衣机|冰箱|床|沙发|衣柜|暖气|宽带网|可做饭|独立阳台|独卫,押一付三,1,中天置地12,NULL,NULL
140,5a315a49d4d5900b981b5fd9,2017/12/14 0:50,海淀,北大清华,整租,NULL,6200,65,2,1,1,中,6,南北,中,电视|空调|热水器|洗衣机|冰箱|床|沙发|衣柜|暖气|宽带网|可做饭|独立阳台|独卫,押一付三,1,我爱我家,NULL,NULL
141,59983c8f5f8f790acd99d7dd,2017/8/19 21:26,海淀,皂君庙,整租,NULL,5800,70,1,1,1,中,16,南,中,电视|空调|热水器|洗衣机|冰箱|床|沙发|衣柜|暖气|宽带网|可做饭|阳台|独卫,押一付三,1,我爱我家,NULL,NULL
142,592c2b585f8f7928ec40259a,2017/5/29 22:08,海淀,西二旗,整租,NULL,5000,87,1,1,1,中,26,南,中,电视|空调|热水器|洗衣机|冰箱|床|沙发|衣柜|暖气|宽带网|可做饭|阳台|独立卫生间,押一付一,1,我爱我家,NULL,NULL
143,5a7731639d3e61020b507543,2018/2/5 0:14,朝阳,国贸,合租,NULL,3000,20,3,1,2,中,20,南,中,电视|空调|热水器|洗衣机|冰箱|床|沙发|衣柜|暖气|宽带网|可做饭|独立阳台|独卫,押一付一,1,我爱我家,NULL,NULL
144,5a41309a98e1b84970d1eef9,2017/12/26 1:08,通州,玉桥,整租,NULL,3000,69,2,1,1,中,6,南北,中,电视|空调|热水器|洗衣机|冰箱|床|沙发|衣柜|暖气|宽带网|可做饭|独立阳台|独卫,押一付三,1,京城广厦,NULL,NULL
145,5a4912aa98e1b873be2bc3b1,2018/1/1 0:39,通州,北关,整租,NULL,20000,288,4,2,4,,3,南北,精,电视|空调|热水器|洗衣机|冰箱|床|沙发|衣柜|暖气|宽带网|可做饭|独立阳台|独卫,NULL,1,我爱我家,NULL,NULL
146,5ad4cfb09d3e61724df66720,2018/4/17 0:30,昌平,沙河,整租,NULL,4000,89,2,1,1,低,17,南北,精,电视|空调|热水器|洗衣机|冰箱|床|沙发|衣柜|暖气|宽带网|可做饭|独立阳台|独卫,押一付三,1,晨建顺第九分公司,NULL,NULL
147,594ebb08a9f7e9181a793d85,2017/6/25 3:18,朝阳,朝阳公园,整租,NULL,28000,203,4,2,2,低,18,,,,NULL,0,NULL,NULL,NULL
148,5a4677ad73235e3bf2cb4560,2017/12/30 1:13,朝阳,朝青板块,整租,NULL,7800,96,3,1,1,低,22,东西,简,电视|空调|热水器|洗衣机|冰箱|床|沙发|衣柜|暖气|宽带网|可做饭|独立阳台|独卫,押一付三,1,我爱我家,NULL,NULL
149,59f017ac33f0351689b43630,2017/10/25 12:48,大兴,西红门,合租,NULL,1700,25,1,1,1,低,22,南,,空调|热水器|洗衣机|冰箱|床|衣柜|宽带网|可做饭|独立阳台,押一付一,1,顺达行,NULL,NULL
150,5a9978d973235e29000f5296,2018/3/3 0:16,丰台,菜户营,整租,NULL,4200,52,1,1,1,中,25,北,中,电视|空调|热水器|洗衣机|冰箱|床|沙发|衣柜|暖气|宽带网|可做饭|独立阳台|独卫,押一付三,1,21世纪不动产,NULL,NULL
151,5a0c54e4d4d5904fa4704714,2017/11/15 22:53,大兴,旧宫,整租,NULL,3500,65,1,1,1,低,11,南北,精,电视|空调|热水器|洗衣机|冰箱|床|沙发|衣柜|暖气|宽带网|可做饭|独立阳台|独卫,押一付三,1,北京怡然居客房地产,NULL,NULL
152,596639205f8f7935134d8990,2017/7/12 22:58,朝阳,团结湖,合租,NULL,1200,13,3,1,1,中,6,南,中,电视|空调|热水器|洗衣机|冰箱|床|沙发|衣柜|暖气|宽带网|可做饭|阳台|独立卫生间,押一付一,1,乐宋,NULL,NULL
153,59d1544d33f035557c6af96e,2017/10/2 4:47,朝阳,朝青板块,合租,NULL,3800,32,1,1,1,高,18,南,,可做饭|独立阳台|独卫,押一付一,1,我爱我家,NULL,NULL
154,5ae74c3973235e541d1ff2ef,2018/5/1 1:02,通州,九棵树,整租,NULL,388,100,1,3,1,,2,东,豪,电视|空调|热水器|洗衣机|冰箱|床|沙发|衣柜|宽带网|可做饭|独立阳台|独卫,NULL,0,NULL,NULL,NULL
155,5a709bbd73235e18b157e0f6,2018/1/31 0:22,海淀,西直门,整租,NULL,7000,55,1,1,1,高,25,西,精,电视|空调|热水器|洗衣机|冰箱|床|沙发|衣柜|暖气|宽带网|可做饭|独立阳台|独卫,押一付三,1,我爱我家,NULL,NULL
156,5a637cff98e1b874964abbd0,2018/1/21 1:31,朝阳,北苑,整租,NULL,5350,60,2,1,1,中,10,南,中,热水器|洗衣机|冰箱|床|沙发|衣柜|暖气|可做饭|独立阳台|独卫,押一付三,0,NULL,NULL,NULL
157,5a0c6619d4d5904fa472ffcd,2017/11/16 0:06,石景山,鲁谷,整租,NULL,4200,78,2,2,1,低,6,南北,精,电视|空调|热水器|洗衣机|冰箱|床|沙发|衣柜|暖气|宽带网|可做饭|独立阳台|独卫,押一付三,1,我爱我家,NULL,NULL
158,5953429dff99043b1f0bdcf7,2017/6/28 13:46,昌平,立水桥,合租,NULL,2000,25,3,1,1,低,11,南,精,电视|空调|热水器|洗衣机|微波炉|冰箱|床|沙发|衣柜|暖气|宽带网|可做饭|阳台,NULL,0,NULL,NULL,NULL
159,59b215a533f035593cf0c762,2017/9/8 11:59,丰台,赵公口,整租,NULL,1500,NULL,NULL,NULL,NULL,,,,,电视|空调|热水器|洗衣机|冰箱|床|沙发|衣柜|暖气|宽带网|可做饭|独立阳台|独卫,押一付一,1,中天置地,NULL,NULL
160,5aaea3ac73235e0f476f0fef,2018/3/19 1:36,燕郊,东市区,整租,NULL,1200,60,1,1,1,低,18,南,精,电视|空调|热水器|洗衣机|冰箱|床|沙发|衣柜|暖气|宽带网|可做饭|独卫,押一付三,1,三河市盛家,NULL,NULL
161,59f018ac33f0351689b44507,2017/10/25 12:53,燕郊,燕顺路,整租,NULL,1500,65,1,1,1,低,33,西,,电视|空调|热水器|洗衣机|冰箱|床|沙发|衣柜|暖气|可做饭|独立阳台|独卫,押一付三,1,兴达恒远,NULL,NULL
162,59d03ddcec985459606f56dc,2017/10/1 8:59,朝阳,高碑店,整租,NULL,28000,300,5,3,4,,4,南北,,空调|热水器|洗衣机|冰箱|床,押一付三,1,德瑞地产,NULL,NULL
163,59f057e833f0351689b7cdf3,2017/10/25 17:22,昌平,昌平县城,整租,NULL,4600,122,2,2,2,高,21,南北,,电视|空调|热水器|洗衣机|冰箱|床|沙发|衣柜|暖气|宽带网|可做饭|独立阳台|独卫,押一付三,1,盛世恒鑫,NULL,NULL
164,59f9391733f0351cd32d819d,2017/11/1 11:01,丰台,右安门,整租,NULL,4300,65,2,1,1,低,6,南北,精,电视|空调|热水器|洗衣机|冰箱|床|沙发|衣柜|暖气|宽带网|可做饭|独立阳台|独卫,NULL,1,明城嘉业,NULL,NULL
165,5a32aefed4d59053c945f9c1,2017/12/15 1:03,朝阳,潘家园,整租,NULL,11000,170,3,2,2,中,19,西南,中,电视|空调|热水器|洗衣机|冰箱|床|沙发|衣柜|暖气|宽带网|可做饭|独立阳台|独卫,押一付三,1,中海远洋,NULL,NULL
166,5a13d71cd4d590370c734e1b,2017/11/21 15:34,海淀,四季青,合租,NULL,550,14,3,1,1,,3,南,精,电视|空调|热水器|洗衣机|冰箱|床|沙发|衣柜|暖气|宽带网|可做饭,押一付一,1,中润置家,NULL,NULL
167,5a2ac889d4d590120eb60e28,2017/12/9 1:14,昌平,北七家,整租,NULL,5200,123,3,2,2,中,6,南北,中,电视|空调|热水器|洗衣机|冰箱|床|暖气|宽带网|可做饭,押一付三,1,合美阳光,NULL,NULL
168,59f94ff333f0351cd32def39,2017/11/1 12:39,昌平,昌平县城,整租,NULL,3600,98,2,1,1,低,23,东南,精,电视|空调|热水器|洗衣机|冰箱|床|沙发|衣柜|暖气|可做饭|独立阳台|独卫,押一付三,1,福瑞置地,NULL,NULL
169,592d988aa9f7e95c70b9f1c6,2017/5/31 0:06,石景山,苹果园,合租,NULL,1460,10,3,1,1,低,7,北,简,可做饭|阳台|独立卫生间,NULL,1,金地来,NULL,NULL
170,59bc3f1dec9854272fe7f611,2017/9/16 4:59,崇文,永定门,合租,NULL,1800,NULL,NULL,NULL,NULL,,,,,电视|空调|热水器|洗衣机|冰箱|床|沙发|衣柜|暖气|宽带网|可做饭|独立阳台|独卫,押一付三,1,中天置家,NULL,NULL
171,59bd2f75ec9854272fe8f4f7,2017/9/16 22:04,通州,梨园,合租,NULL,680,NULL,NULL,NULL,NULL,,,,,电视|空调|热水器|洗衣机|冰箱|床|暖气|可做饭,押一付一,1,独立经纪人,NULL,NULL
172,5a2d5f139d3e615297eb433e,2017/12/11 0:21,朝阳,团结湖,整租,NULL,7000,75,2,1,1,低,6,南,精,电视|空调|热水器|洗衣机|冰箱|床|沙发|衣柜|暖气|可做饭|独立阳台|独卫,押一付三,1,中恒建业,NULL,NULL
173,5a8c57cb73235e6480586e91,2018/2/21 1:15,昌平,小汤山,整租,NULL,17000,400,3,2,3,,,南北,精,,NULL,1,泛城置地,NULL,NULL
174,59757bd65f8f79260088c6ec,2017/7/24 12:47,朝阳,管庄,合租,NULL,1890,20,3,1,1,中,27,南,中,电视|空调|热水器|洗衣机|冰箱|床|沙发|衣柜|暖气|宽带网|可做饭|阳台|独立卫生间,押一付一,1,蛋壳公寓,NULL,NULL
175,5a1da18dd4d5902e709d0c51,2017/11/29 1:49,朝阳,甜水园,整租,NULL,8500,115,2,2,2,中,22,南北,中,电视|空调|热水器|洗衣机|冰箱|床|沙发|衣柜|暖气|宽带网|可做饭|独立阳台|独卫,押一付三,1,我爱我家,NULL,NULL
176,5a9984d89d3e6122d42c7f89,2018/3/3 1:07,通州,土桥,整租,NULL,3500,68,2,1,1,低,7,南北,简,电视|空调|热水器|洗衣机|冰箱|床|沙发|衣柜|暖气|宽带网|可做饭|独立阳台|独卫,押一付三,0,NULL,NULL,NULL
177,5ae74b8873235e5421f27dce,2018/5/1 0:59,朝阳,朝阳公园,整租,NULL,8000,85,2,1,1,中,28,南北,中,电视|空调|热水器|洗衣机|冰箱|床|沙发|衣柜|暖气|宽带网|可做饭|独立阳台|独卫,押一付三,1,千万家汇融,NULL,NULL
178,59b76ecd33f035593cf5eab3,2017/9/12 13:21,朝阳,百子湾,整租,NULL,2600,NULL,NULL,NULL,NULL,,,,,电视|空调|热水器|洗衣机|冰箱|床|沙发|衣柜|暖气|可做饭|独立阳台|独卫,NULL,1,兴达置业,NULL,NULL
179,5a41386a98e1b8496fcb56e5,2017/12/26 1:42,昌平,天通苑,合租,NULL,2400,25,2,1,1,低,16,北,精,电视|空调|热水器|洗衣机|冰箱|床|沙发|衣柜|暖气|宽带网|可做饭|独立阳台|独卫,NULL,1,我爱我家,NULL,NULL
180,5ac5011a73235e408b044f90,2018/4/5 0:45,昌平,天通苑,整租,NULL,4000,40,1,1,1,中,12,东,中,电视|空调|热水器|洗衣机|冰箱|床|暖气|宽带网,押一付三,1,格瑞德地产,NULL,NULL
181,5ae7593d9d3e613cef1a1692,2018/5/1 1:58,通州,玉桥,合租,NULL,1521,26,3,1,1,中,6,南,中,电视|空调|热水器|洗衣机|冰箱|床|沙发|衣柜|暖气|宽带网|可做饭|独立阳台|独卫,押一付三,1,华房房地产,NULL,NULL
182,5a242eb19d3e614a1e13d272,2017/12/4 1:04,崇文,广渠门,整租,NULL,1800,48,1,1,1,中,16,东西,中,电视|空调|热水器|洗衣机|冰箱|床|沙发|衣柜|宽带网|可做饭|独立阳台|独卫,押一付一,0,NULL,NULL,NULL
183,59789d945f8f7926008beca8,2017/7/26 21:48,房山,窦店,整租,NULL,1400,36,1,NULL,1,高,6,南北,简,电视|空调|热水器|洗衣机|冰箱|床|沙发|衣柜|暖气|宽带网|可做饭|阳台|独立卫生间,押一付三,1,华熙房产,NULL,NULL
184,5a3b217dd4d59003a3491052,2017/12/21 10:50,海淀,学院路,整租,NULL,4700,48,1,1,1,中,17,南,中,电视|空调|热水器|洗衣机|冰箱|床|沙发|衣柜|暖气|宽带网|可做饭|独立阳台|独卫,押一付三,1,风向标,NULL,NULL
185,59c2031dec9854272fedb07f,2017/9/20 13:56,海淀,马连洼,整租,NULL,4200,NULL,NULL,NULL,NULL,,,,,电视|空调|热水器|洗衣机|冰箱|床|沙发|衣柜|暖气|可做饭|独立阳台|独卫,押一付一,1,我爱我家,NULL,NULL
186,59bdd748ec9854272fe98ab5,2017/9/17 10:00,丰台,右安门,整租,NULL,5800,NULL,NULL,NULL,NULL,,,,,电视|空调|热水器|洗衣机|冰箱|床|沙发|衣柜|暖气|可做饭|独立阳台|独卫,NULL,1,我爱我家,NULL,NULL
187,594dd120ff99043b1f055226,2017/6/24 10:40,海淀,西二旗,整租,NULL,600,20,1,NULL,1,低,26,南,精,电视|空调|热水器|洗衣机|微波炉|冰箱|床|沙发|衣柜|暖气|宽带网|可做饭|独立卫生间,押一付一,0,NULL,NULL,NULL
188,5acf8a4073235e5a66ee530a,2018/4/13 0:33,朝阳,工体,整租,NULL,5000,50,1,1,1,低,21,南,精,电视|空调|热水器|洗衣机|冰箱|床|沙发|衣柜|暖气|宽带网|可做饭|独立阳台|独卫,押一付三,1,中恒建业,NULL,NULL
189,5a0c9cc1d4d5904fa47abf30,2017/11/16 4:00,昌平,回龙观,合租,NULL,2000,22,3,1,1,中,24,南,中,电视|空调|热水器|洗衣机|冰箱|床|沙发|衣柜|暖气|宽带网|可做饭|独立阳台|独卫,押一付一,1,蛋壳公寓,NULL,NULL
190,592dfcaa5f8f7928ec43b0ed,2017/5/31 7:13,顺义,马坡,整租,NULL,2300,75,2,1,1,低,12,南,中,电视|空调|热水器|洗衣机|冰箱|床|沙发|衣柜|暖气|宽带网|可做饭|阳台|独立卫生间,押一付三,1,NULL,NULL,NULL
191,5aca568173235e59cdff1132,2018/4/9 1:50,通州,马驹桥,整租,NULL,13000,280,5,3,5,,4,南北,精,电视|空调|热水器|洗衣机|冰箱|床|沙发|衣柜|暖气|宽带网|可做饭|独立阳台|独卫,押一付三,1,北京金诺永诚房地产信息咨询有限公司,NULL,NULL
192,5a3154b19d3e6129192bf392,2017/12/14 0:26,丰台,草桥,合租,NULL,2050,30,2,1,1,中,16,南,中,电视|空调|热水器|洗衣机|冰箱|床|沙发|衣柜|暖气|宽带网|可做饭|独立阳台,押一付三,1,中天置地,NULL,NULL
193,5a316722d4d5900b981c26b5,2017/12/14 1:45,海淀,万寿路,整租,NULL,5750,70,2,1,1,低,6,南北,精,电视|空调|热水器|洗衣机|冰箱|床|沙发|衣柜|暖气|宽带网|可做饭|独立阳台|独卫,押一付一,1,安馨建业,NULL,NULL
194,5a467f5398e1b866b24cee9c,2017/12/30 1:45,门头沟,大峪,整租,NULL,2900,58,1,1,1,中,24,南,中,电视|空调|热水器|洗衣机|冰箱|床|沙发|衣柜|暖气|可做饭|独立阳台|独卫,NULL,1,金城阜业,NULL,NULL
195,5ab144fe9d3e613d7981391d,2018/3/21 1:29,西城,西四,整租,NULL,2300,14,1,NULL,NULL,,1,东,简,电视|热水器|衣柜|暖气,押一付三,1,NULL,NULL,NULL
196,5a7d35099d3e616fe3303c1e,2018/2/9 13:43,东城,安定门,整租,NULL,1800,48,1,1,1,高,18,东北,简,电视|空调|热水器|洗衣机|床|沙发|宽带网|独卫,押一付一,0,NULL,NULL,NULL
197,5a0e5fe433f03543b9dec757,2017/11/17 12:04,海淀,上地,合租,NULL,1400,20,1,NULL,1,低,14,北,精,电视|空调|热水器|洗衣机|冰箱|床|暖气|宽带网,押一付三,1,福兴,NULL,NULL
198,5a355489d4d590725ad5fcdc,2017/12/17 1:14,朝阳,望京,合租,NULL,600,20,3,1,2,低,28,南,精,电视|空调|热水器|洗衣机|冰箱|床|沙发|衣柜|暖气|宽带网|独立阳台|独卫,NULL,1,铸家房地产,NULL,NULL
199,5a13ca28d4d590332130d741,2017/11/21 14:39,通州,北苑,合租,NULL,1800,30,3,2,2,中,28,南,中,电视|空调|热水器|洗衣机|冰箱|床|暖气|可做饭,押一付一,1,昊园恒业,NULL,NULL
200,599f08945f8f790acda1ebdd,2017/8/25 1:10,朝阳,常营,整租,NULL,4600,66,1,1,1,高,11,南,精,电视|空调|热水器|洗衣机|冰箱|床|沙发|衣柜|暖气|宽带网|可做饭|阳台|独卫,押一付三,1,链家地产,NULL,NULL
201,5952e127ff99043b1f0b723e,2017/6/28 6:50,朝阳,酒仙桥,整租,NULL,5800,70,2,1,1,低,6,东南,豪,电视|空调|热水器|洗衣机|冰箱|床|沙发|衣柜|暖气|宽带网|可做饭|阳台|独立卫生间,押一付三,1,广发地产,NULL,NULL
202,5a2eb1849d3e611a3b0c27cc,2017/12/12 0:25,顺义,李桥,整租,NULL,2500,35,1,1,1,低,6,南北,简,电视|空调|热水器|洗衣机|冰箱|床|衣柜|暖气|宽带网,押一付三,1,金色时光,NULL,NULL
203,5a6552a69d3e6172d18178b7,2018/1/22 10:55,宣武,白纸坊,整租,NULL,4800,72,2,2,1,中,6,南北,中,电视|空调|热水器|洗衣机|冰箱|床|沙发|衣柜|暖气|可做饭|独立阳台|独卫,押一付三,1,NULL,NULL,NULL
204,597427195f8f792600872496,2017/7/23 12:33,丰台,云岗,整租,NULL,2400,65,2,1,1,,5,南北,中,电视|空调|热水器|洗衣机|冰箱|床|沙发|衣柜|暖气|宽带网|可做饭|阳台|独立卫生间,押一付三,1,富川房产,NULL,NULL
205,5a6552ae9d3e617295119d4f,2018/1/22 10:55,顺义,顺义城区,整租,NULL,2900,67,1,1,1,高,6,南北,精,电视|空调|热水器|洗衣机|冰箱|床|沙发|衣柜|暖气|可做饭|独立阳台|独卫,押一付三,1,NULL,NULL,NULL
206,59774e43a9f7e9096a78024a,2017/7/25 21:57,宣武,陶然亭,整租,NULL,6000,68,2,1,1,中,6,南,中,,押一付三,1,21世纪不动产坤德元亨,NULL,NULL
207,5ac2636373235e320acce642,2018/4/3 1:07,昌平,昌平县城,合租,NULL,1100,30,2,1,1,中,6,南,中,电视|空调|热水器|洗衣机|冰箱|床|沙发|衣柜|暖气|宽带网|可做饭|独立阳台|独卫,NULL,1,德胜伟业,NULL,NULL
208,59b1412a33f035593cef9ab3,2017/9/7 20:52,大兴,旧宫,整租,NULL,3500,NULL,NULL,NULL,NULL,,,,,电视|空调|热水器|洗衣机|冰箱|床|沙发|衣柜|暖气|可做饭|独立阳台|独卫,NULL,1,我爱我家,NULL,NULL
209,5a99869373235e28fd5a41f9,2018/3/3 1:15,西城,小西天,合租,NULL,2500,17,2,1,1,中,17,南,中,电视|空调|热水器|洗衣机|冰箱|床|沙发|衣柜|暖气|宽带网|可做饭|独立阳台|独卫,押一付三,1,风向标,NULL,NULL
210,5aae933573235e0f468a9a28,2018/3/19 0:26,石景山,老山,整租,NULL,4300,60,2,1,1,高,6,南北,豪,床|衣柜,押一付一,1,我爱我家,NULL,NULL
211,5ab68ab173235e36476f3bd2,2018/3/25 1:28,宣武,广安门内,整租,NULL,6000,65,2,1,1,低,6,南北,精,电视|空调|热水器|洗衣机|冰箱|床|沙发|衣柜|暖气|宽带网|可做饭|独立阳台|独卫,押一付三,1,我爱我家,NULL,NULL
212,59b01e56ec9854272fdbf2ef,2017/9/7 0:12,朝阳,常营,整租,NULL,5800,89,3,1,1,高,31,东北,精,电视|空调|热水器|洗衣机|冰箱|床|沙发|衣柜|暖气|可做饭|阳台|独卫,押一付三,1,恒洋我家,NULL,NULL
213,5a0aa309ec98545ea3c1ce56,2017/11/14 16:02,顺义,后沙峪,整租,NULL,2800,31,1,NULL,1,低,11,东,简,床,押一付三,1,北京链家房地产经纪有限公司,NULL,NULL
214,59f9e86333f0351cd3311ad7,2017/11/1 23:29,海淀,蓟门桥,合租,NULL,1300,15,3,1,1,低,11,南,精,电视|空调|热水器|洗衣机|冰箱|床|衣柜|暖气|宽带网|可做饭,押一付三,1,美丽家园,NULL,NULL
215,59f9c16b33f0351cd3303ddd,2017/11/1 20:43,朝阳,太阳宫,整租,NULL,4500,45,1,1,1,高,18,东南,精,电视|空调|热水器|洗衣机|冰箱|床|沙发|衣柜|暖气|可做饭|独立阳台|独卫,NULL,1,我爱我家,NULL,NULL
216,5974ef4ca9f7e9096a75baf1,2017/7/24 2:47,房山,长阳,合租,NULL,550,20,1,1,1,,3,南北,精,热水器|洗衣机|沙发|衣柜|暖气|可做饭|独立卫生间,押一付一,1,NULL,NULL,NULL
217,59d0acbe33f035557c67ed4a,2017/10/1 16:52,海淀,肖家河,合租,NULL,1200,10,3,NULL,1,低,6,南,,热水器|洗衣机|冰箱|床|衣柜|暖气|可做饭|独立阳台,NULL,0,NULL,NULL,NULL
218,597502f65f8f792600883424,2017/7/24 4:11,昌平,霍营,整租,NULL,4800,65,2,1,1,中,6,南北,中,电视|空调|热水器|洗衣机|冰箱|床|沙发|衣柜|暖气|宽带网|可做饭|阳台|独立卫生间,押一付三,1,美伦馨居,NULL,NULL
219,5a1dad96d4d5902ef5769f2c,2017/11/29 2:40,朝阳,来广营,整租,NULL,1300,25,1,NULL,1,,3,西南,简,热水器|床|衣柜|暖气|可做饭|独卫,押一付一,0,NULL,NULL,NULL
220,5a4915d198e1b873c1fc4861,2018/1/1 0:52,通州,北关,整租,NULL,8000,75,3,1,1,低,6,南,简,床,半年付不押,1,链家地产,NULL,NULL
221,5a5e2a6e98e1b859384d401e,2018/1/17 0:38,房山,长阳,整租,NULL,3100,89,2,1,1,中,18,南北,中,电视|空调|热水器|洗衣机|冰箱|床|沙发|衣柜|暖气|宽带网|可做饭|独立阳台|独卫,押一付三,1,华熙房产,NULL,NULL
222,5adccf2e73235e47bcb86212,2018/4/23 2:06,海淀,知春路,合租,NULL,3200,35,3,1,2,高,25,南,精,电视|空调|热水器|洗衣机|冰箱|床|沙发|衣柜|暖气|宽带网|可做饭|独立阳台|独卫,押一付三,1,搜房网房天下,NULL,NULL
223,593070f95f8f7928ec4670f6,2017/6/2 3:54,朝阳,华威桥,整租,NULL,7000,100,2,2,1,低,24,南北,精,电视|空调|热水器|洗衣机|冰箱|床|沙发|衣柜|暖气|宽带网|可做饭|阳台|独立卫生间,押一付一,1,我爱我家,NULL,NULL
224,5ae7411b73235e541d1f7060,2018/5/1 0:15,海淀,西直门,合租,NULL,3000,20,3,1,1,中,6,南,中,空调|热水器|洗衣机|冰箱|床|衣柜|暖气|宽带网|可做饭|独立阳台|独卫,押一付三,1,风向标,NULL,NULL
225,5978f66e5f8f7926008c5ae6,2017/7/27 4:07,朝阳,和平街,整租,NULL,3000,25,2,1,1,中,6,南,中,电视|空调|热水器|洗衣机|微波炉|冰箱|床|沙发|衣柜|暖气|宽带网|可做饭|阳台|独立卫生间,NULL,0,NULL,NULL,NULL
226,59b531f633f035593cf46ec9,2017/9/10 20:37,朝阳,大望路,整租,NULL,5200,NULL,NULL,NULL,NULL,,,,,电视|空调|热水器|洗衣机|冰箱|床|沙发|衣柜|暖气|可做饭|独立阳台|独卫,押一付三,0,NULL,NULL,NULL
227,5ae202179d3e61727b345e92,2018/4/27 0:45,丰台,马家堡,合租,NULL,1000,17,2,1,1,低,16,南北,精,,押一付一,1,天泰置地,NULL,NULL
228,59660cb75f8f7935134d4658,2017/7/12 19:49,海淀,中关村,整租,NULL,8600,80,3,1,1,低,6,南北,中,电视|空调|热水器|洗衣机|冰箱|暖气,押一付三,1,我爱我家,NULL,NULL
229,5a0a8b4bec98545ea3bfe6e6,2017/11/14 14:21,宣武,马连道,合租,NULL,3000,28,3,1,1,低,26,南,精,空调|热水器|洗衣机|冰箱|床|衣柜|暖气|宽带网|可做饭|独立阳台|独卫,押一付一,1,蛋壳公寓,NULL,NULL
230,5ae2041373235e0dd4e2974e,2018/4/27 0:53,丰台,丽泽桥,整租,NULL,6000,90,2,1,1,中,9,南,中,可做饭|独立阳台|独卫,押一付三,1,我爱我家,NULL,NULL
231,5a2d72fbd4d59021f743803c,2017/12/11 1:46,海淀,北太平庄,整租,NULL,7000,98,3,1,1,中,21,东西,中,电视|空调|热水器|洗衣机|冰箱|床|暖气|宽带网,押一付三,1,房海恒达,NULL,NULL
232,5a3d390373235e3de720716e,2017/12/23 0:55,朝阳,望京,整租,NULL,6900,88,1,2,1,高,28,南,精,电视|空调|热水器|洗衣机|冰箱|床|暖气|宽带网,押一付三,1,广发,NULL,NULL
233,5a0ab6c8ec98545ea3c37f32,2017/11/14 17:26,丰台,东高地,整租,NULL,3000,69,2,1,1,低,6,南北,简,电视|空调|热水器|洗衣机|冰箱|床|沙发|衣柜|暖气|宽带网|可做饭|独立阳台|独卫,NULL,1,北京怡然居客房地产,NULL,NULL
234,5a1d980ed4d5902e709ce49d,2017/11/29 1:08,昌平,昌平县城,整租,NULL,6000,147,3,1,1,,,南北,精,电视|空调|热水器|洗衣机|冰箱|床|暖气|宽带网,押一付三,1,盛世恒鑫,NULL,NULL
235,5ae764079d3e613cee818cca,2018/5/1 2:44,丰台,草桥,整租,NULL,3500,50,1,1,1,中,22,南,中,空调|热水器|洗衣机|冰箱|床|衣柜|暖气|宽带网|可做饭|独立阳台|独卫,押一付一,0,NULL,NULL,NULL
236,5ad771fe73235e04b320d0cd,2018/4/19 0:27,朝阳,西坝河,合租,NULL,2100,13,3,1,1,,5,南,精,空调|热水器|洗衣机|床|衣柜|暖气|宽带网|可做饭|独卫,押一付三,0,NULL,NULL,NULL
237,5a4a666c73235e0fad21a53c,2018/1/2 0:48,通州,梨园,合租,NULL,1500,25,3,1,1,低,25,南北,精,电视|空调|热水器|洗衣机|冰箱|床|沙发|衣柜|暖气|宽带网|可做饭|独立阳台|独卫,押一付一,1,NULL,NULL,NULL
238,59d13bd333f035557c6a96f9,2017/10/2 3:02,通州,次渠,整租,NULL,3000,78,2,1,1,中,27,南,中,电视|空调|热水器|洗衣机|冰箱|床|沙发|衣柜|暖气|可做饭|独立阳台|独卫,押一付三,0,NULL,NULL,NULL
239,59d0d4b833f035557c68b42e,2017/10/1 19:42,朝阳,垡头,整租,NULL,7000,95,3,1,1,高,6,南北,,电视|空调|热水器|洗衣机|冰箱|床|沙发|衣柜|暖气|可做饭|独立阳台|独卫,押一付三,1,NULL,NULL,NULL
240,5ad4cbf873235e1be05b8ec2,2018/4/17 0:14,海淀,西直门,合租,NULL,2600,21,3,1,1,中,10,东,中,电视|空调|热水器|洗衣机|冰箱|床|沙发|衣柜|暖气|宽带网|可做饭|独立阳台,押一付一,1,风向标,NULL,NULL
241,5a25ac8b9d3e6117d02489fc,2017/12/5 4:14,丰台,北大地,整租,NULL,4700,70,2,1,1,,1,南,简,电视|空调|热水器|洗衣机|冰箱|床|沙发|衣柜|暖气|宽带网|可做饭|独立阳台|独卫,NULL,1,我爱我家,NULL,NULL
242,59347c665f8f7928ec4b1d87,2017/6/5 5:32,通州,其他,整租,NULL,2200,48,2,1,1,高,28,南,简,电视|空调|热水器|洗衣机|冰箱|床|沙发|衣柜|暖气|可做饭|阳台|独立卫生间,押二付三,1,NULL,NULL,NULL
243,5ab687e073235e3648f048cd,2018/3/25 1:16,朝阳,建外大街,整租,NULL,5800,65,2,1,1,中,6,南,中,电视|空调|热水器|洗衣机|冰箱|床|沙发|衣柜|暖气|宽带网|可做饭|独立阳台|独卫,押一付三,1,中恒建业,NULL,NULL
244,5a387c0c9d3e612b21f48540,2017/12/19 10:40,昌平,回龙观,合租,NULL,1700,22,3,1,1,低,6,南,简,电视|空调|热水器|洗衣机|冰箱|床|沙发|衣柜|暖气|宽带网|可做饭,押一付一,1,一铭公寓,NULL,NULL
245,5a3fdc4598e1b80392339547,2017/12/25 0:56,房山,良乡,整租,NULL,2800,91,2,1,1,低,17,南北,精,电视|空调|热水器|洗衣机|冰箱|床|衣柜|暖气|宽带网,押一付三,1,华熙房产,NULL,NULL
246,5a1dbfd9d4d5902ef29c76c3,2017/11/29 3:58,东城,和平里,合租,NULL,6200,102,3,1,1,高,22,南,精,空调|热水器|洗衣机|冰箱|床|衣柜|暖气|宽带网|可做饭|独卫,押一付一,1,蛋壳公寓,NULL,NULL
247,594f9438ff99043b1f07891f,2017/6/25 18:45,通州,潞城,整租,NULL,2500,63,1,1,1,中,18,南,中,电视|空调|热水器|洗衣机|冰箱|床|沙发|衣柜|暖气|可做饭|阳台|独立卫生间,NULL,0,NULL,NULL,NULL
248,599773d05f8f790acd984dfd,2017/8/19 7:10,海淀,西北旺,合租,NULL,1300,16,3,1,1,中,6,南,中,电视|空调|热水器|洗衣机|冰箱|床|沙发|衣柜|暖气|宽带网|可做饭|阳台|独卫,NULL,1,中润置家,NULL,NULL
249,594e461dff99043b1f05fe59,2017/6/24 18:59,东城,雍和宫,整租,NULL,1860,18,1,1,1,高,22,南,精,电视|空调|热水器|洗衣机|冰箱|床|沙发|衣柜|暖气|宽带网|可做饭|阳台|独立卫生间,押一付一,1,蛋壳公寓,NULL,NULL
250,5adf821a73235e2a208f37c5,2018/4/25 3:14,昌平,回龙观,整租,NULL,900,96,2,1,1,中,9,南,中,电视|空调|热水器|洗衣机|冰箱|床|沙发|衣柜|暖气|宽带网|可做饭|独立阳台|独卫,押一付一,0,NULL,NULL,NULL
251,5a5250ad9d3e61629d4a15ac,2018/1/8 0:54,门头沟,永定,整租,NULL,2600,66,2,1,1,中,11,南,中,可做饭|独立阳台|独卫,NULL,1,金城阜业,NULL,NULL
252,59722fa85f8f79260084b3cf,2017/7/22 0:45,昌平,龙泽,整租,NULL,3580,34,1,1,1,高,9,东西,精,电视|空调|热水器|洗衣机|冰箱|床|沙发|衣柜|暖气|宽带网|可做饭|阳台|独立卫生间,押一付一,1,蛋壳公寓,NULL,NULL
253,5a296d539d3e61674ae0d137,2017/12/8 0:33,朝阳,常营,合租,NULL,1860,23,1,NULL,1,中,13,南北,中,空调|热水器|洗衣机|冰箱|床|衣柜|暖气|宽带网|可做饭|独立阳台,押一付一,1,美丽家园,NULL,NULL
254,5a2c13c89d3e610c3d0eb081,2017/12/10 0:48,昌平,昌平县城,整租,NULL,4500,90,2,1,1,低,28,东南,精,电视|空调|热水器|洗衣机|冰箱|床|暖气|宽带网,押一付三,1,北京市易合房地产经纪有限责任公司,NULL,NULL
255,5a6552d073235e3a371fcec7,2018/1/22 10:56,丰台,西罗园,整租,NULL,4500,85,2,1,1,低,18,南北,精,电视|空调|热水器|洗衣机|冰箱|床|沙发|衣柜|暖气|可做饭|独立阳台|独卫,押一付三,1,NULL,NULL,NULL
256,5ae4a4079d3e6159f5ca0912,2018/4/29 0:40,昌平,阳坊,合租,NULL,1000,25,3,1,1,中,6,南北,中,电视|空调|热水器|洗衣机|冰箱|床|沙发|衣柜|暖气|宽带网|可做饭|独立阳台|独卫,押一付一,1,京御房地产,NULL,NULL
257,59f9a1e633f0351cd32f896c,2017/11/1 18:28,通州,果园,整租,NULL,4500,90,2,2,1,高,15,南北,精,电视|空调|热水器|洗衣机|冰箱|床|沙发|衣柜|暖气|宽带网|可做饭|独立阳台|独卫,押一付一,1,我爱我家,NULL,NULL
258,5934365c5f8f7928ec4ad6b3,2017/6/5 0:33,西城,德胜门,整租,NULL,7500,60,2,1,1,低,6,南北,精,电视|空调|热水器|洗衣机|冰箱|床|沙发|衣柜|暖气|宽带网|可做饭|阳台|独立卫生间,押一付三,1,我爱我家,NULL,NULL
259,5a26c6f09d3e615ee6f4c27a,2017/12/6 0:18,海淀,苏州街,整租,NULL,5900,80,1,1,1,高,21,南,精,电视|空调|热水器|洗衣机|冰箱|床|沙发|衣柜|暖气|宽带网|可做饭|独立阳台|独卫,押一付三,1,我爱我家,NULL,NULL
260,59b3ee4333f035593cf30738,2017/9/9 21:36,昌平,天通苑,整租,NULL,4000,NULL,NULL,NULL,NULL,,,,,空调|热水器|床,押一付一,1,我爱我家,NULL,NULL
261,5a1426a5d4d59032ddb4ddb4,2017/11/21 21:14,朝阳,东大桥,整租,NULL,8000,100,4,1,1,高,6,南北,简,空调|热水器|洗衣机|冰箱|床|沙发|衣柜|暖气|独立阳台,押一付三,1,中天置地12,NULL,NULL
262,5a4a6c5898e1b83afff37444,2018/1/2 1:14,海淀,清河,整租,NULL,7500,92,3,1,1,中,6,南北,中,电视|空调|热水器|洗衣机|冰箱|床|沙发|衣柜|暖气|宽带网|可做饭|独立阳台|独卫,押一付一,1,中润置家,NULL,NULL
263,59f04ed1ec9854777a517a84,2017/10/25 16:44,朝阳,劲松,合租,NULL,1500,25,3,1,1,中,18,南,中,电视|空调|热水器|洗衣机|冰箱|床|沙发|衣柜|暖气|可做饭|独立阳台|独卫,押一付三,1,中天置地,NULL,NULL
264,5a31677dd4d5900b981c2bba,2017/12/14 1:46,通州,马驹桥,整租,NULL,3800,76,2,1,1,高,16,东南,简,电视|空调|热水器|洗衣机|冰箱|床|沙发|衣柜|暖气|宽带网|可做饭|独立阳台|独卫,押一付三,1,我爱我家,NULL,NULL
265,5ae74be673235e5421f28256,2018/5/1 1:01,通州,梨园,合租,NULL,1000,20,3,1,1,低,15,南,精,电视|空调|热水器|洗衣机|冰箱|床|沙发|衣柜|暖气|宽带网|可做饭|独立阳台|独卫,押一付一,1,博友园房地产,NULL,NULL
266,5a13e8add4d59032ddb3c656,2017/11/21 16:49,朝阳,朝阳公园,合租,NULL,1700,20,2,1,1,中,11,南,中,空调|热水器|洗衣机|冰箱|床|暖气|宽带网|可做饭|独立阳台|独卫,押一付三,1,昊家地产,NULL,NULL
267,5975d3ad5f8f792600893298,2017/7/24 19:02,朝阳,小关,整租,NULL,2400,36,1,1,1,中,17,西南,中,电视|空调|热水器|洗衣机|冰箱|床|沙发|衣柜|可做饭|阳台|独立卫生间,押一付一,0,NULL,NULL,NULL
268,5ae750c69d3e613cef19a16f,2018/5/1 1:22,朝阳,望京,整租,NULL,6149,50,1,1,1,低,18,南北,简,空调|热水器|洗衣机|冰箱|床|沙发|衣柜|暖气|可做饭|独卫,押一付一,0,NULL,NULL,NULL
269,5a3168a89d3e6129185b741e,2017/12/14 1:51,朝阳,东坝,整租,NULL,8000,96,3,1,1,高,6,南,精,电视|空调|热水器|洗衣机|冰箱|床|沙发|衣柜|暖气|宽带网|可做饭|独立阳台|独卫,押一付三,1,我爱我家,NULL,NULL
270,59c115feec9854272fecdd0a,2017/9/19 21:05,丰台,西罗园,合租,NULL,2300,NULL,NULL,NULL,NULL,,,,,电视|空调|热水器|洗衣机|冰箱|床|沙发|衣柜|暖气|宽带网|可做饭|独立阳台|独卫,押一付三,1,中天置地,NULL,NULL
271,5a2d5e71d4d59021f7421f60,2017/12/11 0:18,海淀,二里庄,合租,NULL,2500,25,3,1,1,低,6,东,精,电视|空调|热水器|洗衣机|冰箱|床|暖气|宽带网,押一付三,1,北京云房房地产经纪有限公司,NULL,NULL
272,5ae75ba59d3e613cee80e640,2018/5/1 2:08,房山,良乡,整租,NULL,3000,90,3,1,1,高,6,南北,精,电视|空调|热水器|洗衣机|冰箱|床|沙发|衣柜|暖气|宽带网|可做饭|独立阳台,押一付半年,0,NULL,NULL,NULL
273,5978908f5f8f7926008bdda9,2017/7/26 20:52,丰台,方庄,整租,NULL,5700,50,1,1,1,中,23,南,中,,押一付一,1,国源伟业,NULL,NULL
274,59fa353733f0351cd3326b04,2017/11/2 4:57,海淀,玉泉路,整租,NULL,7300,138,3,2,2,高,10,南北,豪,电视|空调|热水器|洗衣机|冰箱|床|沙发|衣柜|暖气|宽带网|可做饭|独立阳台|独卫,押一付一,1,我爱我家,NULL,NULL
275,5a0ab1f7ec98545ea3c30d6d,2017/11/14 17:06,通州,九棵树,合租,NULL,999,20,3,1,1,中,6,南北,中,电视|空调|热水器|洗衣机|冰箱|床|暖气|宽带网,押一付一,1,昊园恒业,NULL,NULL
276,5a29696b9d3e61674ae055eb,2017/12/8 0:16,丰台,蒲黄榆,整租,NULL,4100,69,2,1,1,中,6,南北,中,电视|空调|热水器|洗衣机|冰箱|床|沙发|衣柜|暖气|宽带网|可做饭|独立阳台|独卫,押一付三,1,中天置家,NULL,NULL
277,5ad7848a73235e04b3219d5f,2018/4/19 1:46,昌平,沙河镇,合租,NULL,1500,20,3,1,1,中,6,南,中,电视|空调|热水器|洗衣机|冰箱|床|沙发|衣柜|暖气|宽带网|可做饭,押一付一,1,世纪鸿源,NULL,NULL
278,5a49179498e1b873c2245688,2018/1/1 1:00,昌平,天通苑,整租,NULL,5300,93,2,1,1,低,32,南,精,电视|空调|热水器|洗衣机|冰箱|床|沙发|衣柜|暖气|可做饭|独立阳台|独卫,押一付一,1,我爱我家,NULL,NULL
279,59d11c02ec9854596070e68b,2017/10/2 0:46,石景山,苹果园,合租,NULL,1800,18,2,1,1,中,19,南,中,电视|空调|热水器|洗衣机|冰箱|床|沙发|衣柜|暖气|宽带网|可做饭|独立阳台|独卫,押一付一,1,NULL,NULL,NULL
280,59d1083c33f035557c69b0a0,2017/10/1 23:22,朝阳,东大桥,整租,NULL,7200,78,2,1,1,高,25,南,,电视|空调|热水器|洗衣机|冰箱|床|沙发|衣柜|暖气|可做饭|独立阳台|独卫,押一付三,1,NULL,NULL,NULL
281,5ae75c149d3e613cef1a4736,2018/5/1 2:10,朝阳,管庄,整租,NULL,1700,42,1,1,1,中,13,东西,中,电视|空调|热水器|洗衣机|床|沙发,押一付一,0,NULL,NULL,NULL
282,5933a2e45f8f7928ec4a21c6,2017/6/4 14:04,昌平,立水桥,合租,NULL,2090,24,3,1,1,高,23,南,精,电视|空调|热水器|洗衣机|冰箱|床|沙发|衣柜|暖气|宽带网|可做饭|阳台|独立卫生间,押一付一,1,蛋壳公寓,NULL,NULL
283,599a78ea5f8f790acd9ca0bc,2017/8/21 14:08,海淀,中关村,合租,NULL,3330,29,2,1,1,中,23,南,中,电视|空调|热水器|洗衣机|冰箱|床|沙发|衣柜|暖气|宽带网|可做饭|阳台|独卫,押一付一,1,蛋壳公寓,NULL,NULL
284,59542d22a9f7e9181a80b30f,2017/6/29 6:26,朝阳,太阳宫,整租,NULL,25000,205,3,2,2,高,27,南北,精,床,押一付三,1,链家地产,NULL,NULL
285,5ae7542c9d3e613cef19c87b,2018/5/1 1:36,海淀,学院路,整租,NULL,9500,120,3,1,2,中,13,南,中,热水器|洗衣机|床|衣柜|暖气|宽带网|独立阳台,押一付一,0,NULL,NULL,NULL
286,59f9779eec985448f596ef03,2017/11/1 15:28,丰台,方庄,整租,NULL,1700,35,1,1,1,高,16,东西,精,电视|空调|热水器|洗衣机|冰箱|床|沙发|衣柜|可做饭|独立阳台|独卫,押一付一,0,NULL,NULL,NULL
287,5a4528c29d3e617ed3d900f3,2017/12/29 1:24,朝阳,望京,整租,NULL,6000,43,1,NULL,NULL,低,16,西,简,,押一付三,1,我爱我家,NULL,NULL
288,5a5cd8b598e1b813dcae6f3b,2018/1/16 0:37,海淀,田村,合租,NULL,2200,18,2,1,1,中,6,南,中,电视|空调|热水器|洗衣机|冰箱|床|沙发|暖气|宽带网|可做饭|独立阳台|独卫,押一付三,1,毅程无限,NULL,NULL
289,5a1c4895d4d59007f24ef285,2017/11/28 1:17,平谷,平谷城区,整租,NULL,1800,95,3,1,1,中,6,南北,中,电视|空调|热水器|洗衣机|冰箱|床|沙发|衣柜|暖气|可做饭|独立阳台|独卫,押一付三,1,鸿浩添业顺,NULL,NULL
290,5a35551d9d3e617dcb1244dc,2017/12/17 1:17,海淀,公主坟,合租,NULL,1800,22,3,1,1,中,18,南,中,电视|空调|热水器|洗衣机|冰箱|床|沙发|衣柜|暖气|宽带网|可做饭,押一付一,1,NULL,NULL,NULL
291,594d3d10a9f7e9181a771a7a,2017/6/24 0:08,海淀,西北旺,合租,NULL,1200,72,2,1,1,中,6,南,中,电视|空调|热水器|洗衣机|冰箱|床|沙发|衣柜|暖气|宽带网|可做饭|阳台|独立卫生间,NULL,0,NULL,NULL,NULL
292,5a13fab6d4d590316025dd32,2017/11/21 18:06,朝阳,望京,合租,NULL,2100,21,3,1,1,中,28,南,中,电视|空调|热水器|洗衣机|冰箱|床|沙发|衣柜|暖气|宽带网|可做饭|独立阳台|独卫,押一付一,1,蛋壳公寓,NULL,NULL
293,5a5e26b798e1b85939f2f230,2018/1/17 0:22,海淀,四季青,合租,NULL,1650,23,3,1,1,低,6,南,精,电视|空调|热水器|洗衣机|冰箱|床|沙发|衣柜|暖气|宽带网|可做饭|独立阳台|独卫,押一付一,1,安馨建业,NULL,NULL
294,5a6dfaf098e1b830d9236568,2018/1/29 0:31,昌平,北七家,整租,NULL,8000,210,4,2,3,,3,南北,精,空调|热水器|洗衣机|冰箱|床|可做饭|独立阳台|独卫,押一付三,1,泛城置地,NULL,NULL
295,59bbc3d0ec9854272fe7a487,2017/9/15 20:13,石景山,古城,整租,NULL,4700,NULL,NULL,NULL,NULL,,,,,电视|空调|热水器|洗衣机|冰箱|床|沙发|衣柜|暖气|可做饭|独立阳台|独卫,NULL,0,NULL,NULL,NULL
296,5ae4b89b9d3e6159f5cb0b18,2018/4/29 2:08,丰台,马家堡,合租,NULL,2100,22,3,1,1,中,18,南,中,电视|空调|热水器|洗衣机|冰箱|床|沙发|衣柜|暖气|宽带网|可做饭,押一付一,1,中天置地,NULL,NULL
297,5ae74e589d3e613cee80314a,2018/5/1 1:11,丰台,北大地,整租,NULL,6500,86,3,1,1,中,6,南,中,电视|空调|热水器|洗衣机|冰箱|床|沙发|衣柜|暖气|宽带网|可做饭|独立阳台|独卫,押一付三,0,NULL,NULL,NULL
298,5a4a660898e1b83afff31aa9,2018/1/2 0:47,丰台,宋家庄,整租,NULL,6000,85,2,1,1,低,20,南,精,电视|空调|热水器|洗衣机|冰箱|床|沙发|衣柜|暖气|宽带网|可做饭|独卫,押一付三,1,中天置家,NULL,NULL
299,5aa95a3e73235e76191ad34b,2018/3/15 1:22,丰台,方庄,整租,NULL,4000,50,1,1,1,中,25,南北,中,电视|空调|热水器|洗衣机|冰箱|床|沙发|衣柜|暖气|宽带网|可做饭|独立阳台|独卫,押一付三,1,我爱我家,NULL,NULL
300,5950d316a9f7e9181a7bdbbd,2017/6/26 17:25,朝阳,太阳宫,整租,NULL,12200,98,2,2,1,中,22,东南,中,床,半年付不押,1,链家地产,NULL,NULL
301,594ef021a9f7e9181a7973c8,2017/6/25 7:05,朝阳,北苑,合租,NULL,1000,23,2,2,2,中,25,南,中,电视|空调|热水器|洗衣机|冰箱|床|沙发|衣柜|暖气|宽带网|可做饭|阳台|独立卫生间,押一付三,1,NULL,NULL,NULL
302,59d03ee133f035557c658e76,2017/10/1 9:03,西城,马甸,整租,NULL,8500,78,2,1,1,低,6,南,,电视|空调|热水器|洗衣机|冰箱|床|沙发|衣柜|暖气|宽带网|可做饭|独立阳台|独卫,押一付三,1,链家地产,NULL,NULL
303,5a0e854b33f03543b9e07dfb,2017/11/17 14:44,朝阳,双井,整租,NULL,16200,146,3,2,2,中,12,南北,中,电视|空调|热水器|洗衣机|冰箱|床|沙发|衣柜|暖气|宽带网|可做饭|独卫,押一付三,1,枫桥房地产,NULL,NULL
304,5ae75db49d3e613cee810f12,2018/5/1 2:17,丰台,新宫,合租,NULL,1250,15,3,1,1,低,15,南,精,电视|空调|热水器|洗衣机|冰箱|床|沙发|衣柜|暖气|宽带网|可做饭|独立阳台|独卫,押一付一,1,天泰置地,NULL,NULL
305,5aca504673235e59d017c846,2018/4/9 1:24,通州,潞苑,合租,NULL,1700,17,3,1,1,低,43,东,精,电视|空调|热水器|洗衣机|冰箱|床|衣柜|暖气|宽带网|可做饭|独卫,押一付一,1,紫梧桐,NULL,NULL
306,5ae7455e73235e5420d3543f,2018/5/1 0:33,北京周边,其他,整租,NULL,1600,37,1,1,1,,5,南,豪,,押一付三,1,吉永达,NULL,NULL
307,5a32b315d4d59053cb18f375,2017/12/15 1:21,朝阳,北苑,合租,NULL,2500,22,3,1,1,,5,南,精,电视|空调|热水器|洗衣机|冰箱|床|衣柜|暖气|宽带网|可做饭|独立阳台,押一付三,1,京创家园,NULL,NULL
308,5a5e32ce73235e35830c965a,2018/1/17 1:13,昌平,沙河,合租,NULL,1200,22,3,1,1,低,16,南,精,空调|热水器|洗衣机|冰箱|床|衣柜|暖气|宽带网|可做饭|独立阳台|独卫,押一付三,0,NULL,NULL,NULL
309,5a45263073235e746516a102,2017/12/29 1:13,朝阳,望京,合租,NULL,2300,19,3,1,1,中,6,东南,中,空调|热水器|洗衣机|冰箱|床|暖气|宽带网|独立阳台,押一付三,1,广发,NULL,NULL
310,597b08ef5f8f7926008ec7ee,2017/7/28 17:50,通州,梨园,整租,NULL,3600,90,2,1,1,低,6,南北,精,电视|空调|热水器|洗衣机|冰箱|床|沙发|衣柜|暖气|宽带网|可做饭|阳台|独立卫生间,押一付一,1,我爱我家,NULL,NULL
311,5ae761dd73235e5421f39a96,2018/5/1 2:35,朝阳,常营,整租,NULL,2500,57,2,2,1,中,12,南北,中,电视|空调|热水器|洗衣机|冰箱|床|沙发|衣柜|暖气|宽带网|可做饭|独立阳台|独卫,押一付二,0,NULL,NULL,NULL
312,5aae91dd9d3e612c8470e3b1,2018/3/19 0:20,东城,建国门,整租,NULL,6800,65,2,1,1,中,6,南北,中,电视|空调|热水器|洗衣机|冰箱|床|沙发|衣柜|暖气|宽带网|可做饭|独立阳台|独卫,押一付三,1,中恒建业,NULL,NULL
313,59529c21a9f7e9181a7e744c,2017/6/28 1:55,朝阳,劲松,合租,NULL,1800,25,3,1,1,中,6,南,中,电视|空调|热水器|洗衣机|冰箱|床|沙发|衣柜|暖气|宽带网|可做饭|阳台|独立卫生间,押一付三,1,中天置地,NULL,NULL
314,5ae7639a9d3e613cee818622,2018/5/1 2:42,通州,新华大街,整租,NULL,3600,55,1,1,2,中,21,南,中,电视|空调|热水器|洗衣机|冰箱|床|沙发|衣柜|暖气|宽带网|可做饭|独立阳台|独卫,押一付一,1,吉家地产,NULL,NULL
315,599c6e20a9f7e95b4667f88f,2017/8/23 1:47,朝阳,来广营,合租,NULL,1790,23,3,1,1,低,22,南,精,电视|空调|热水器|洗衣机|冰箱|床|沙发|衣柜|暖气|宽带网|可做饭|阳台|独卫,押一付一,1,蛋壳公寓,NULL,NULL
316,5a0abc63ec98545ea3c3f5c3,2017/11/14 17:50,朝阳,常营,整租,NULL,5600,78,2,1,1,低,22,东,简,床,押一付三,1,链家地产,NULL,NULL
317,5ac269589d3e616f0e827b3c,2018/4/3 1:33,朝阳,双桥,整租,NULL,800,20,1,1,1,,4,东,精,电视|空调|热水器|洗衣机|冰箱|床|衣柜|暖气|宽带网|可做饭|独卫,押一付一,0,NULL,NULL,NULL
318,59f0303d33f0351689b59807,2017/10/25 14:33,丰台,方庄,整租,NULL,5600,80,2,1,1,中,25,南,中,电视|空调|热水器|洗衣机|冰箱|床|沙发|衣柜|暖气|宽带网|可做饭|独立阳台|独卫,押一付三,1,我爱我家,NULL,NULL
319,5a26c944d4d59035094577df,2017/12/6 0:28,朝阳,望京,合租,NULL,1490,19,3,1,1,高,28,南,精,电视|空调|热水器|洗衣机|冰箱|床|沙发|衣柜|暖气|宽带网|可做饭|独立阳台|独卫,押一付一,1,蛋壳公寓,NULL,NULL
320,594b371bff99043b1f0147aa,2017/6/22 11:18,海淀,清河,整租,NULL,4700,80,2,1,1,中,30,南北,中,电视|空调|热水器|洗衣机|冰箱|床|暖气|宽带网|可做饭,押一付三,1,美丽家园,NULL,NULL
321,5a0e755333f03543b9dfcaa1,2017/11/17 13:36,朝阳,团结湖,合租,NULL,2580,26,3,1,1,中,26,南,中,电视|空调|热水器|洗衣机|冰箱|床|沙发|衣柜|暖气|宽带网|可做饭|独立阳台|独卫,押一付一,1,蛋壳公寓,NULL,NULL
322,5aae96e573235e0f4c52480f,2018/3/19 0:42,朝阳,小营,整租,NULL,1800,43,1,1,1,高,16,西南,简,电视|空调|热水器|洗衣机|冰箱|床|沙发|衣柜|宽带网|可做饭|独立阳台|独卫,押二付一,0,NULL,NULL,NULL
323,5a9197df73235e7e647bfd46,2018/2/25 0:50,东城,朝阳门,整租,NULL,24000,152,4,2,3,高,9,北,精,电视|空调|热水器|洗衣机|冰箱|床|沙发|衣柜,押一付三,0,NULL,NULL,NULL
324,5a0c7e4cd4d5904fa4768b43,2017/11/16 1:50,顺义,中央别墅区,整租,NULL,2800,40,1,1,1,低,12,南,精,电视|空调|热水器|洗衣机|冰箱|床|沙发|衣柜|暖气|宽带网|可做饭|独立阳台|独卫,押一付三,0,NULL,NULL,NULL
325,59b08d0733f035593ceea1bd,2017/9/7 8:04,海淀,知春路,整租,NULL,8000,92,2,1,1,中,21,南,中,电视|空调|热水器|洗衣机|冰箱|床|沙发|衣柜|暖气|可做饭|阳台|独卫,押一付三,1,我爱我家,NULL,NULL
326,5ac25dd19d3e616edbb065f1,2018/4/3 0:44,燕郊,城区,整租,NULL,1400,83,2,2,1,中,28,南,中,电视|空调|热水器|洗衣机|冰箱|床|沙发|衣柜|暖气|宽带网|可做饭|独立阳台|独卫,押一付三,1,福地置业,NULL,NULL
327,5adf73da73235e2a208eba40,2018/4/25 2:13,昌平,昌平县城,整租,NULL,1100,89,2,1,1,中,9,南,中,电视|空调|热水器|洗衣机|冰箱|床|沙发|衣柜|暖气|宽带网|可做饭|独立阳台|独卫,押一付一,0,NULL,NULL,NULL
328,5a0d2eab33f03543b9d7d7c8,2017/11/16 14:22,丰台,丽泽桥,合租,NULL,2200,25,2,1,1,中,6,南,中,空调|热水器|冰箱|床|沙发|衣柜|暖气|可做饭|独立阳台,押一付三,1,独立经纪人,NULL,NULL
329,5964fdc35f8f7935134c1815,2017/7/12 0:33,丰台,看丹桥,整租,NULL,4200,65,2,1,1,中,6,南北,中,电视|空调|热水器|洗衣机|冰箱|床|沙发|衣柜|暖气|宽带网|可做饭|阳台|独立卫生间,押一付三,1,京诚友家,NULL,NULL
330,5a7d368373235e3dc77d9299,2018/2/9 13:49,朝阳,四惠,整租,NULL,6000,68,1,1,1,低,22,东南,豪,电视|空调|热水器|洗衣机|冰箱|床|沙发|衣柜|暖气|宽带网|可做饭|独立阳台|独卫,押一付三,1,中天置地,NULL,NULL
331,5a4fae7773235e27f1ed308e,2018/1/6 0:57,朝阳,管庄,整租,NULL,2400,30,1,1,1,,5,东,精,电视|空调|热水器|洗衣机|冰箱|床|暖气|宽带网,押一付三,1,恒洋我家,NULL,NULL
332,59fa0b2b33f0351cd331bc15,2017/11/2 1:58,朝阳,劲松,整租,NULL,3600,52,1,1,1,中,6,南,中,电视|空调|热水器|洗衣机|冰箱|床|沙发|衣柜|暖气|宽带网|可做饭|独立阳台|独卫,押一付一,1,中天置地,NULL,NULL
333,59712c105f8f79260083029e,2017/7/21 6:17,海淀,清河,合租,NULL,2020,21,3,1,1,中,21,东西,中,电视|空调|热水器|洗衣机|冰箱|床|沙发|衣柜|暖气|宽带网|可做饭|阳台|独立卫生间,押一付一,1,蛋壳公寓,NULL,NULL
334,59b3398933f035593cf23112,2017/9/9 8:44,朝阳,柳芳,整租,NULL,4900,NULL,NULL,NULL,NULL,,,,,床,押一付三,1,链家地产,NULL,NULL
335,5ae49e8d73235e72b5aab27a,2018/4/29 0:17,朝阳,劲松,整租,NULL,500,49,1,1,1,中,20,南北,中,电视|空调|洗衣机|冰箱|床|沙发|衣柜|暖气|宽带网|可做饭|独立阳台|独卫,押一付一,0,NULL,NULL,NULL
336,5ac4f96773235e408b040f6f,2018/4/5 0:12,朝阳,双桥,整租,NULL,1600,25,3,1,2,高,13,南,精,,押一付三,1,日盛置地,NULL,NULL
337,5965ab835f8f7935134cd106,2017/7/12 12:54,朝阳,南磨房,整租,NULL,12000,123,2,1,2,低,26,南,精,床,押一付三,1,链家地产,NULL,NULL
338,5a0c7209d4d5904fa474cf3c,2017/11/16 0:57,通州,九棵树,整租,NULL,800,16,3,1,1,高,6,南,简,电视|空调|热水器|洗衣机|冰箱|床|暖气|宽带网,押一付三,1,一铭公寓,NULL,NULL
339,5a0d409a33f03543b9d899e9,2017/11/16 15:39,朝阳,其他,合租,NULL,1760,21,3,1,1,高,11,南,简,电视|空调|热水器|洗衣机|冰箱|床|沙发|衣柜|暖气|宽带网|可做饭|独立阳台|独卫,押一付一,1,一铭公寓,NULL,NULL
340,59b37c12ec9854272fe1378b,2017/9/9 13:28,海淀,其他,合租,NULL,1200,NULL,NULL,NULL,NULL,,,,,电视|空调|热水器|洗衣机|冰箱|床|沙发|衣柜|暖气|可做饭|独立阳台|独卫,押一付三,1,中盛地嘉,NULL,NULL
341,5a4913be73235e4881d6a4d8,2018/1/1 0:43,朝阳,朝青板块,整租,NULL,9500,122,3,2,2,高,13,东南,精,电视|空调|热水器|洗衣机|冰箱|床|沙发|衣柜|暖气|宽带网|可做饭|独立阳台|独卫,押一付三,1,北京链家房地产经纪有限公司,NULL,NULL
342,59f92e9b33f0351cd32d4d01,2017/11/1 10:17,海淀,知春路,合租,NULL,1000,16,3,1,2,高,26,南,精,电视|空调|热水器|洗衣机|冰箱|床|沙发|衣柜|暖气|宽带网|可做饭,押一付三,1,美丽家园,NULL,NULL
343,5adcc07b9d3e61287091d097,2018/4/23 1:03,通州,果园,整租,NULL,1200,23,2,1,1,中,23,南北,中,电视|空调|热水器|洗衣机|冰箱|床|暖气|宽带网|可做饭,押一付三,1,恋嘉地产,NULL,NULL
344,594bcc2dff99043b1f0254a8,2017/6/22 21:54,朝阳,大山子,合租,NULL,1300,15,2,1,1,低,10,南,中,电视|空调|热水器|洗衣机|冰箱|床|沙发|衣柜|暖气|宽带网|可做饭|阳台|独立卫生间,押一付三,1,NULL,NULL,NULL
345,5a7d39799d3e616fe33098e4,2018/2/9 14:02,顺义,李桥,整租,NULL,1700,37,1,1,1,高,7,西北,简,电视|空调|热水器|洗衣机|冰箱|床|沙发|衣柜|暖气|宽带网|可做饭|独立阳台|独卫,押一付三,0,NULL,NULL,NULL
346,5998671c5f8f790acd9a2441,2017/8/20 0:28,海淀,西三旗,整租,NULL,4500,70,2,1,1,高,6,南北,精,电视|空调|热水器|洗衣机|冰箱|床|沙发|衣柜|暖气|宽带网|可做饭|阳台|独卫,押一付三,1,我爱我家,NULL,NULL
347,5a2eb6ec9d3e611a3b0cc603,2017/12/12 0:48,海淀,香山,合租,NULL,1800,20,3,1,1,中,6,南,中,电视|空调|热水器|洗衣机|冰箱|床|沙发|衣柜|暖气|宽带网|可做饭|独立阳台|独卫,押一付一,1,中润置家,NULL,NULL
348,5a2d66f9d4d59021f36c3930,2017/12/11 0:55,崇文,广渠门,整租,NULL,4200,40,1,1,1,高,12,南北,精,电视|空调|热水器|洗衣机|冰箱|床|暖气,押一付三,1,北京中联盛世房地产经纪有限公司,NULL,NULL
349,5a0c6e19d4d5904fa4743c4e,2017/11/16 0:40,通州,潞苑,合租,NULL,900,16,3,1,1,中,10,南,中,空调|热水器|洗衣机|冰箱|床|衣柜|暖气|宽带网|可做饭,押一付二,0,NULL,NULL,NULL
350,592c052e5f8f7928ec3fb180,2017/5/29 19:25,海淀,车道沟,整租,NULL,6500,88,2,NULL,NULL,中,21,,中,,NULL,0,NULL,NULL,NULL
351,5ae75aa29d3e613cee80d263,2018/5/1 2:04,朝阳,大山子,整租,NULL,2300,66,2,1,1,中,10,东西,中,电视|空调|热水器|洗衣机|冰箱|床|沙发|衣柜|暖气|宽带网|可做饭|独立阳台|独卫,押一付一,0,NULL,NULL,NULL
352,5aabfefd73235e0318da511a,2018/3/17 1:29,丰台,宋家庄,合租,NULL,2000,25,2,1,1,中,20,南,中,电视|空调|热水器|洗衣机|冰箱|床|沙发|衣柜|暖气|宽带网|可做饭|独立阳台,押一付三,1,中岗伟业,NULL,NULL
353,5a0c6533d4d5904fa472de09,2017/11/16 0:03,西城,木樨地,整租,NULL,8300,119,3,1,1,低,20,南北,精,电视|空调|热水器|洗衣机|冰箱|床|沙发|衣柜|暖气|宽带网|可做饭|独立阳台|独卫,押一付三,1,我爱我家,NULL,NULL
354,5a0c6a52d4d5904f904ae702,2017/11/16 0:24,朝阳,小营,整租,NULL,8000,68,1,1,1,中,11,南,中,电视|空调|热水器|洗衣机|冰箱|床|沙发|衣柜|暖气|宽带网|可做饭|独立阳台|独卫,押一付三,1,链家地产,NULL,NULL
355,5a709a5873235e18b157ca7b,2018/1/31 0:16,西城,马甸,合租,NULL,2600,12,3,1,1,高,24,西,精,电视|空调|热水器|洗衣机|冰箱|床|沙发|衣柜|暖气|宽带网|可做饭|独立阳台|独卫,押一付一,1,我爱我家,NULL,NULL
356,59b53067ec9854272fe32ef5,2017/9/10 20:30,朝阳,高碑店,合租,NULL,3000,NULL,NULL,NULL,NULL,,,,,电视|空调|热水器|洗衣机|冰箱|床|沙发|衣柜|暖气|可做饭|独立阳台|独卫,押一付一,1,蛋壳公寓,NULL,NULL
357,59fa2e6633f0351cd3324fdd,2017/11/2 4:28,房山,长阳,整租,NULL,1900,36,1,1,1,高,14,东,精,电视|空调|热水器|洗衣机|冰箱|床|沙发|衣柜|暖气|宽带网|可做饭|独立阳台|独卫,押一付一,1,巧克力地产,NULL,NULL
358,5a5248d198e1b8604c1e6811,2018/1/8 0:20,海淀,双榆树,整租,NULL,4600,50,1,1,1,高,18,南,精,电视|空调|热水器|洗衣机|冰箱|床|沙发|衣柜|暖气|宽带网|可做饭|独立阳台|独卫,押一付三,1,我爱我家,NULL,NULL
359,5a748fc698e1b815a8268b10,2018/2/3 0:20,房山,房山城关,整租,NULL,2500,57,2,1,1,高,15,东北,简,电视|空调|热水器|洗衣机|床|沙发|宽带网|可做饭|独立阳台|独卫,押一付二,0,NULL,NULL,NULL
360,5ab132f09d3e613d79803cee,2018/3/21 0:12,海淀,北大清华,整租,NULL,6500,65,2,1,1,中,6,南北,中,空调|热水器|洗衣机|冰箱|床|暖气|宽带网|独立阳台|独卫,NULL,1,我爱我家,NULL,NULL
361,5a7d340c73235e3de7d174b9,2018/2/9 13:39,石景山,古城,整租,NULL,1600,45,1,1,1,高,15,东南,简,电视|空调|热水器|洗衣机|冰箱|床|沙发|衣柜|暖气|宽带网|可做饭|独立阳台|独卫,押一付一,0,NULL,NULL,NULL
362,593542cb5f8f7928ec4bf82b,2017/6/5 19:38,通州,土桥,整租,NULL,1500,61,1,1,1,中,20,南北,中,电视|空调|热水器|洗衣机|冰箱|床|沙发|衣柜|暖气|宽带网|可做饭|阳台|独立卫生间,押二付一,1,北京弘润地产,NULL,NULL
363,5ae75b189d3e613cee80db6f,2018/5/1 2:06,朝阳,东大桥,合租,NULL,600,21,2,1,1,,3,东,简,电视|空调|热水器|洗衣机|冰箱|床|沙发|衣柜|暖气|宽带网|可做饭,押一付一,1,心顺志诚,NULL,NULL
364,5adf741f73235e2a208ebc3a,2018/4/25 2:14,朝阳,北苑,合租,NULL,1580,15,3,1,1,低,15,南,精,电视|空调|热水器|洗衣机|冰箱|床|沙发|衣柜|暖气|宽带网|可做饭|独立阳台|独卫,押一付一,0,NULL,NULL,NULL
365,596193825f8f79351347c79f,2017/7/9 10:22,海淀,四季青,整租,NULL,11800,116,2,2,2,高,12,南北,精,电视|空调|热水器|洗衣机|冰箱|床|沙发|衣柜|暖气|宽带网|可做饭|阳台|独立卫生间,押一付三,1,链家地产,NULL,NULL
366,5aca4b499d3e61240aefdb37,2018/4/9 1:03,石景山,苹果园,整租,NULL,5000,78,2,1,1,高,18,南北,精,,押一付三,1,北京我爱我家房地产经纪有限公司,NULL,NULL
367,5973fff85f8f79260086f76a,2017/7/23 9:46,房山,房山城关,整租,NULL,1500,58,2,1,1,中,6,北,中,可做饭|阳台|独立卫生间,押一付三,1,华熙房产,NULL,NULL
368,5a466c8e98e1b866b32c1fcc,2017/12/30 0:25,海淀,西北旺,整租,NULL,4000,80,2,1,1,高,15,南北,精,空调|热水器|暖气|宽带网|可做饭|独立阳台|独卫,押一付三,1,金泰合,NULL,NULL
369,5a0c83c7d4d5904fa4774eac,2017/11/16 2:13,通州,九棵树,合租,NULL,1200,20,2,1,1,中,6,南,中,,押一付一,1,昊园恒业,NULL,NULL
370,59f00b5033f0351689b38b63,2017/10/25 11:56,丰台,其他,整租,NULL,4800,98,2,1,1,中,6,南北,中,电视|空调|热水器|洗衣机|冰箱|床|沙发|衣柜|暖气|可做饭|独立阳台|独卫,押一付三,1,我爱我家,NULL,NULL
371,5a3015919d3e61617b1741c6,2017/12/13 1:44,宣武,马连道,整租,NULL,2730,29,1,1,1,中,22,南,中,电视|空调|热水器|洗衣机|冰箱|床|沙发|衣柜|暖气|宽带网|可做饭|独立阳台|独卫,押一付一,1,蛋壳公寓,NULL,NULL
372,5a32b041d4d59053cb18bf8b,2017/12/15 1:09,朝阳,北苑,整租,NULL,11000,158,3,2,2,中,16,南北,中,电视|空调|热水器|洗衣机|冰箱|床|沙发|衣柜|暖气|宽带网|可做饭|独立阳台|独卫,押一付三,1,我爱我家,NULL,NULL
373,5a43ceac9d3e6134d2d38132,2017/12/28 0:47,海淀,五道口,整租,NULL,8200,98,3,1,1,低,6,南北,精,电视|空调|热水器|洗衣机|冰箱|床|沙发|衣柜|暖气|宽带网|可做饭|独立阳台|独卫,押一付三,1,我爱我家,NULL,NULL
374,59f0626633f0351689b85e70,2017/10/25 18:07,朝阳,北苑,整租,NULL,10000,158,3,2,2,低,16,南北,,电视|空调|热水器|洗衣机|冰箱|床|沙发|衣柜|暖气|宽带网|可做饭|独立阳台|独卫,押一付一,1,我爱我家,NULL,NULL
375,596a8147a9f7e97f38dd1ea2,2017/7/16 4:55,朝阳,百子湾,合租,NULL,1000,15,4,1,2,低,22,,,电视|空调|热水器|洗衣机|微波炉|冰箱|床|沙发|衣柜|暖气|宽带网|可做饭|阳台,NULL,0,NULL,NULL,NULL
376,5adf7a209d3e610ce6721d4d,2018/4/25 2:40,朝阳,工体,整租,NULL,6000,88,2,1,1,中,6,南北,中,电视|空调|热水器|洗衣机|冰箱|床|沙发|衣柜|暖气|宽带网|可做饭|独立阳台|独卫,押一付三,1,中恒建业,NULL,NULL
377,5a4faf4d73235e27f3af0227,2018/1/6 1:01,顺义,石园,整租,NULL,2600,60,1,1,1,中,6,南北,中,空调|热水器|洗衣机|冰箱|床|暖气,押一付三,1,金色时光,NULL,NULL
378,5a57c92a9d3e6172577a2459,2018/1/12 4:29,丰台,NULL,合租,NULL,600,20,2,1,2,中,6,南,中,电视|空调|热水器|洗衣机|冰箱|床|沙发|衣柜|暖气|宽带网|可做饭|独立阳台|独卫,押一付一,0,NULL,NULL,NULL
379,5a65557298e1b85acaba2c68,2018/1/22 11:07,顺义,后沙峪,合租,NULL,1780,30,2,1,1,中,6,南,中,电视|空调|热水器|洗衣机|冰箱|床|沙发|衣柜|暖气|可做饭|独立阳台|独卫,押一付一,1,NULL,NULL,NULL
380,5ac5165b73235e408ec9e300,2018/4/5 2:15,昌平,昌平县城,合租,NULL,4200,75,2,1,1,高,22,南,精,电视|空调|热水器|洗衣机|冰箱|床|沙发|衣柜|暖气|宽带网|可做饭|独立阳台|独卫,押一付一,1,佰好家,NULL,NULL
381,59b48de6ec9854272fe28f1f,2017/9/10 8:57,朝阳,八里庄,整租,NULL,4000,NULL,NULL,NULL,NULL,,,,,电视|空调|热水器|洗衣机|冰箱|床|沙发|衣柜|暖气|可做饭|独立阳台|独卫,押一付三,1,我爱我家,NULL,NULL
382,5a4bb95773235e55062c645b,2018/1/3 0:54,昌平,回龙观,整租,NULL,19000,200,3,NULL,NULL,中,6,西南,中,空调|暖气|宽带网,押一付三,1,鸿赫宝业_530,NULL,NULL
383,5999db1b5f8f790acd9bf0eb,2017/8/21 2:55,丰台,和义,整租,NULL,5500,100,3,1,1,中,18,南北,中,电视|空调|热水器|洗衣机|冰箱|床|暖气,押一付三,1,NULL,NULL,NULL
384,597590d0a9f7e9096a766d7d,2017/7/24 14:16,丰台,草桥,合租,NULL,750,10,2,1,1,低,20,东北,精,电视|空调|热水器|洗衣机|冰箱|床|沙发|衣柜|暖气|宽带网|可做饭|阳台|独立卫生间,押一付三,1,中天置地,NULL,NULL
385,5976c774a9f7e9096a77914e,2017/7/25 12:22,朝阳,百子湾,整租,NULL,4700,60,1,1,1,中,21,南,中,电视|空调|热水器|洗衣机|冰箱|床|暖气,押一付一,1,NULL,NULL,NULL
386,5965d0425f8f7935134ceb87,2017/7/12 15:31,海淀,田村,整租,NULL,6600,135,3,1,2,低,6,南北,精,电视|空调|热水器|洗衣机|冰箱|床|沙发|衣柜|暖气|宽带网|可做饭|阳台|独立卫生间,押一付三,1,国泰大成,NULL,NULL
387,59d12460ec9854596070f20c,2017/10/2 1:22,朝阳,高碑店,合租,NULL,800,10,2,1,1,低,6,东,,热水器|洗衣机|冰箱|床|暖气|可做饭,押一付三,0,NULL,NULL,NULL
388,592c87005f8f7928ec41285b,2017/5/30 4:39,朝阳,百子湾,整租,NULL,8000,89,2,1,1,低,26,南,精,床,押一付三,1,麦田房产,NULL,NULL
389,5a3fd6bc9d3e614f26501dcc,2017/12/25 0:33,海淀,四季青,整租,NULL,6000,102,2,1,1,中,6,南,中,电视|空调|热水器|洗衣机|冰箱|床|沙发|衣柜|暖气|宽带网|可做饭|独立阳台|独卫,押一付一,1,中润置家,NULL,NULL
390,5a943d5273235e0d69f25ada,2018/2/27 1:01,东城,和平里,整租,NULL,13000,130,4,1,1,,5,南,精,电视|空调|热水器|洗衣机|冰箱|沙发|暖气|宽带网|可做饭|独立阳台|独卫,NULL,0,NULL,NULL,NULL
391,5966ccaba9f7e97f38d868ba,2017/7/13 9:28,通州,乔庄,合租,NULL,1400,20,3,1,1,中,12,南,中,电视|空调|热水器|洗衣机|冰箱|床|沙发|衣柜|暖气|宽带网|可做饭|阳台,押一付三,0,NULL,NULL,NULL
392,5a0ac0c3ec98545ea3c46032,2017/11/14 18:09,丰台,丰台路,合租,NULL,2500,98,2,1,1,中,24,南北,中,可做饭|独立阳台|独卫,押一付三,1,我爱我家,NULL,NULL
393,5ae2180073235e0dd4e33d75,2018/4/27 2:18,房山,窦店,整租,NULL,1100,100,2,1,1,中,9,南,中,电视|空调|热水器|洗衣机|冰箱|床|沙发|衣柜|暖气|宽带网|可做饭|独立阳台|独卫,押一付一,0,NULL,NULL,NULL
394,5a22d8a0d4d590584381792d,2017/12/3 0:45,朝阳,大山子,整租,NULL,2600,40,1,1,1,低,6,南,简,电视|空调|热水器|洗衣机|冰箱|床|沙发|衣柜|暖气|宽带网|可做饭|独立阳台|独卫,押一付三,1,广发,NULL,NULL
395,5ab144ff9d3e613d79813929,2018/3/21 1:29,房山,良乡,整租,NULL,2500,57,1,1,1,高,6,南北,精,电视|空调|热水器|洗衣机|冰箱|床|沙发|衣柜|暖气|可做饭|独立阳台|独卫,押一付三,1,北京汇通百家房地产经纪有限责任公司,NULL,NULL
396,5ab3e4399d3e614de6ce0056,2018/3/23 1:13,顺义,胜利,整租,NULL,4500,101,2,1,1,高,6,南北,精,电视|空调|热水器|洗衣机|冰箱|床|沙发|衣柜|暖气|宽带网|可做饭|独立阳台|独卫,押一付三,1,金色时光,NULL,NULL
397,5a6555739d3e6172d181a361,2018/1/22 11:07,朝阳,呼家楼,整租,NULL,7300,85,3,1,1,低,6,南北,精,电视|空调|热水器|洗衣机|冰箱|床|沙发|衣柜|暖气|宽带网|可做饭|独立阳台|独卫,押一付一,1,我爱我家,NULL,NULL
398,5a0c6f1ad4d5904fa47463f6,2017/11/16 0:45,海淀,白石桥,整租,NULL,5800,60,2,1,1,中,6,南,中,电视|空调|热水器|洗衣机|冰箱|床|沙发|衣柜|暖气|宽带网|可做饭|独立阳台|独卫,押一付一,1,我爱我家,NULL,NULL
399,599d1f67a9f7e95b4668cf7a,2017/8/23 14:23,丰台,其他,合租,NULL,2300,20,3,2,2,中,6,南,中,电视|空调|热水器|洗衣机|冰箱|床|沙发|衣柜|暖气|宽带网|可做饭|阳台|独卫,押一付三,1,盛世房产,NULL,NULL
400,59be3158ec9854272fe9f670,2017/9/17 16:24,崇文,天坛,整租,NULL,5200,NULL,NULL,NULL,NULL,,,,,电视|空调|热水器|洗衣机|冰箱|床|沙发|衣柜|暖气|可做饭|独立阳台|独卫,押一付三,1,蛋壳公寓,NULL,NULL
401,5972453aa9f7e9096a72a5f3,2017/7/22 2:17,海淀,香山,合租,NULL,1000,11,3,1,1,,3,南北,中,热水器|洗衣机|冰箱|床|衣柜|暖气|可做饭|阳台,押一付三,0,NULL,NULL,NULL
402,5ae7560e73235e5420d40f4c,2018/5/1 1:44,门头沟,大峪,整租,NULL,2500,45,1,1,1,中,24,南,中,电视,半年付,1,天赐佳兆,NULL,NULL
403,5a7d3cd873235e3dc77df64a,2018/2/9 14:16,丰台,玉泉营,整租,NULL,1800,50,1,1,1,高,15,东南,简,电视|空调|热水器|床|沙发|衣柜|宽带网|独卫,押一付二,0,NULL,NULL,NULL
404,59d08a01ec985459606fe70d,2017/10/1 14:24,海淀,双榆树,整租,NULL,6300,70,2,1,1,高,18,南北,,电视|空调|热水器|洗衣机|冰箱|床|沙发|衣柜|暖气|宽带网|可做饭|独立阳台|独卫,押一付三,1,我爱我家,NULL,NULL
405,5a14256dd4d590332132c8c9,2017/11/21 21:09,朝阳,常营,整租,NULL,4800,70,1,1,1,中,22,南,中,,押一付三,1,我爱我家,NULL,NULL
406,59986491a9f7e95b46630965,2017/8/20 0:17,西城,小西天,整租,NULL,4500,48,1,1,1,中,6,南,中,电视|空调|热水器|洗衣机|冰箱|床|沙发|衣柜|暖气|宽带网|可做饭|阳台|独卫,押一付三,1,我爱我家,NULL,NULL
407,597933e6a9f7e9096a79e612,2017/7/27 8:29,朝阳,常营,整租,NULL,4000,51,1,1,1,高,23,北,精,空调|热水器|可做饭,押一付三,1,恒洋我家,NULL,NULL
408,59beea86ec9854272fea9dc9,2017/9/18 5:35,宣武,广安门,合租,NULL,1800,NULL,NULL,NULL,NULL,,,,,电视|空调|热水器|洗衣机|冰箱|床|沙发|衣柜|暖气|宽带网|可做饭|独立阳台|独卫,押一付三,1,中天置地,NULL,NULL
409,5ada38ff9d3e61448d6b07bc,2018/4/21 3:01,顺义,石园,整租,NULL,3300,93,2,1,1,中,6,南北,中,电视|空调|热水器|洗衣机|冰箱|床|沙发|衣柜|暖气|宽带网|可做饭|独立阳台|独卫,押一付三,1,金色时光,NULL,NULL
410,5a451eb773235e74679968d0,2017/12/29 0:41,丰台,菜户营,整租,NULL,4988,65,2,1,1,低,28,南,简,可做饭|独立阳台|独卫,押一付一,1,中五地产,NULL,NULL
411,59f0582933f0351689b7d3c1,2017/10/25 17:23,房山,良乡,整租,NULL,2200,55,1,1,1,高,14,北,,电视|空调|热水器|洗衣机|冰箱|床|沙发|衣柜|暖气|宽带网|可做饭|独立阳台|独卫,押一付三,1,汇鑫房产,NULL,NULL
412,59f01ef4ec9854777a50c450,2017/10/25 13:19,朝阳,东坝,整租,NULL,1700,44,1,1,1,中,16,西北,中,电视|空调|热水器|洗衣机|冰箱|床|沙发|衣柜|宽带网|可做饭|独立阳台|独卫,押一付一,0,NULL,NULL,NULL
413,5a2d5d8e9d3e615298a57652,2017/12/11 0:15,朝阳,红庙,合租,NULL,1200,13,3,1,1,高,22,南,精,电视|空调|热水器|洗衣机|冰箱|床|暖气|宽带网,押一付三,1,北京鸿福嘉业房地产经纪有限公司,NULL,NULL
414,5972cd845f8f79260085a74f,2017/7/22 11:59,朝阳,酒仙桥,合租,NULL,1800,22,2,1,2,中,23,北,中,电视|空调|热水器|洗衣机|冰箱|床|沙发|衣柜|暖气|宽带网|可做饭|阳台|独立卫生间,押一付三,1,大合联正,NULL,NULL
415,5a748e7773235e6d320f3509,2018/2/3 0:14,昌平,昌平县城,合租,NULL,1100,30,3,1,1,中,6,南,中,电视|空调|热水器|洗衣机|冰箱|床|沙发|衣柜|暖气|宽带网|可做饭|独立阳台|独卫,NULL,1,德胜伟业,NULL,NULL
416,59b03bceec9854272fdc3506,2017/9/7 2:17,西城,月坛,合租,NULL,2800,30,3,1,1,高,10,南,精,电视|空调|热水器|洗衣机|冰箱|床|沙发|衣柜|暖气|可做饭|阳台,押一付三,0,NULL,NULL,NULL
417,59d0b23633f035557c680aa0,2017/10/1 17:15,北京周边,其他,整租,NULL,3900,108,3,1,1,低,18,南北,,电视|空调|热水器|洗衣机|冰箱|床|沙发|衣柜|暖气|可做饭|独立阳台|独卫,押一付三,1,汇鑫房产,NULL,NULL
418,5a2437649d3e614a067964e1,2017/12/4 1:41,大兴,黄村,合租,NULL,2790,17,3,1,1,中,21,南,中,电视|空调|热水器|洗衣机|冰箱|床|沙发|衣柜|暖气|宽带网|可做饭|独立阳台|独卫,押一付一,1,蛋壳公寓,NULL,NULL
419,5a3d313273235e3de72012bd,2017/12/23 0:22,西城,小西天,整租,NULL,8000,98,2,1,1,高,12,南,精,电视|空调|热水器|洗衣机|冰箱|床|沙发|衣柜|暖气|宽带网|可做饭|独立阳台|独卫,押一付三,1,风向标,NULL,NULL
420,5a32b8979d3e616f57d986b6,2017/12/15 1:44,朝阳,望京,整租,NULL,22000,130,3,2,2,高,28,南北,简,电视|空调|热水器|洗衣机|冰箱|床|沙发|衣柜|暖气|宽带网|可做饭|独立阳台|独卫,押一付三,1,链家地产,NULL,NULL
421,5ae757129d3e613cef19f68d,2018/5/1 1:49,门头沟,永定,整租,NULL,388,100,1,3,1,,2,东,豪,电视|空调|热水器|洗衣机|冰箱|床|沙发|衣柜|宽带网|可做饭|独立阳台|独卫,NULL,0,NULL,NULL,NULL
422,5a3e846e73235e060b7fe826,2017/12/24 0:29,海淀,甘家口,合租,NULL,3000,15,3,1,1,低,6,南,精,电视|空调|热水器|洗衣机|冰箱|床|沙发|衣柜|暖气|宽带网|可做饭|独立阳台|独卫,押一付三,1,我爱我家,NULL,NULL
423,5a0c4dbed4d5904fa46f6d65,2017/11/15 22:22,通州,梨园,合租,NULL,2200,20,3,1,2,低,28,南,精,电视|空调|热水器|洗衣机|冰箱|床|沙发|衣柜|暖气|宽带网|可做饭|独立阳台|独卫,押一付一,1,昊园恒业,NULL,NULL
424,5a50f5bf98e1b81aca51d274,2018/1/7 0:13,海淀,西北旺,合租,NULL,2400,25,2,1,1,中,6,南,中,,押一付一,1,中润置家,NULL,NULL
425,5a32b069d4d590535cd18cc9,2017/12/15 1:10,海淀,香山,整租,NULL,5900,90,2,1,1,,5,南,精,电视|空调|热水器|洗衣机|冰箱|床|沙发|衣柜|暖气|宽带网|可做饭,押一付一,1,中润置家,NULL,NULL
426,5a395151d4d5907e3b8c8731,2017/12/20 1:50,朝阳,十八里店,整租,NULL,8000,180,4,2,2,高,11,南北,简,电视|空调|热水器|洗衣机|冰箱|床|暖气|宽带网,押一付三,1,如一房产,NULL,NULL
427,59b65dbfec9854272fe41af6,2017/9/11 17:56,海淀,上地,整租,NULL,6500,NULL,NULL,NULL,NULL,,,,,电视|空调|热水器|洗衣机|冰箱|床|沙发|衣柜|暖气|可做饭|独立阳台|独卫,押一付三,1,博峰地产,NULL,NULL
428,5accf91673235e76bebcd9db,2018/4/11 1:49,昌平,回龙观,整租,NULL,1690,18,1,1,1,低,26,南,精,电视|空调|热水器|洗衣机|冰箱|床|沙发|衣柜|暖气|宽带网|可做饭|独立阳台|独卫,押一付一,1,紫梧桐,NULL,NULL
429,5a1c5c11d4d59007e53c43f2,2017/11/28 2:40,朝阳,管庄,合租,NULL,1500,22,2,1,1,低,20,南,精,电视|空调|热水器|洗衣机|冰箱|床|沙发|衣柜|暖气|宽带网|可做饭|独立阳台|独卫,押一付一,1,蛋壳公寓,NULL,NULL
430,59536304a9f7e9181a7f874f,2017/6/28 16:04,海淀,四季青,合租,NULL,800,15,3,1,1,中,16,南,中,电视|空调|热水器|洗衣机|冰箱|床|沙发|衣柜|暖气|宽带网|可做饭|阳台,押一付一,1,中润置家,NULL,NULL
431,59540936a9f7e9181a807abb,2017/6/29 3:53,大兴,旧宫,合租,NULL,1300,10,3,1,1,中,6,南,中,电视|空调|热水器|洗衣机|冰箱|床|沙发|衣柜|暖气|宽带网|可做饭|阳台|独立卫生间,押一付三,1,安易居,NULL,NULL
432,5a13cb38d4d590316024f3f0,2017/11/21 14:44,北京周边,其他,整租,NULL,7000,110,2,2,1,高,6,南北,精,电视|空调|热水器|洗衣机|冰箱|床|沙发|衣柜|暖气|宽带网|可做饭|独立阳台|独卫,押一付三,1,永泰伟业,NULL,NULL
433,599d5664a9f7e95b466907e9,2017/8/23 18:18,丰台,宋家庄,合租,NULL,3000,40,4,2,2,中,6,南,中,电视|空调|热水器|洗衣机|冰箱|床|沙发|衣柜|暖气|可做饭|阳台|独卫,NULL,0,NULL,NULL,NULL
434,5a8f1d2a73235e70a1c8ad11,2018/2/23 3:42,朝阳,高碑店,整租,NULL,48000,420,6,3,4,,3,南北,精,空调|热水器|洗衣机|冰箱|床,押一付三,1,鲁能涵墅,NULL,NULL
435,5a733d5e9d3e611864e76cd5,2018/2/2 0:16,海淀,四季青,合租,NULL,900,10,3,1,1,中,6,南,中,电视|空调|热水器|洗衣机|冰箱|床|沙发|衣柜|暖气|宽带网|可做饭|独立阳台|独卫,押一付一,1,中润置家,NULL,NULL
436,5ab136dd73235e1bd7188329,2018/3/21 0:29,宣武,菜市口,整租,NULL,7500,100,2,1,1,高,25,南,精,可做饭|独立阳台|独卫,押一付三,1,房天下,NULL,NULL
437,5a2eb5cad4d5906a8ebee27a,2017/12/12 0:43,海淀,魏公村,整租,NULL,7500,65,2,1,1,中,6,南,中,电视|空调|热水器|洗衣机|冰箱|床|沙发|衣柜|暖气|宽带网|可做饭|独立阳台|独卫,押一付三,1,我爱我家,NULL,NULL
438,5adf79269d3e610ce76400fa,2018/4/25 2:36,顺义,中央别墅区,整租,NULL,6500,97,3,1,1,低,11,南北,精,电视|空调|热水器|洗衣机|冰箱|床|衣柜|暖气|宽带网,押一付三,1,金色时光,NULL,NULL
439,59ba7100ec9854272fe67356,2017/9/14 20:07,西城,三里河,整租,NULL,4300,NULL,NULL,NULL,NULL,,,,,空调|热水器|洗衣机|冰箱|床|暖气|可做饭|独立阳台|独卫,押一付三,1,我爱我家,NULL,NULL
440,59679497a9f7e97f38d96900,2017/7/13 23:41,丰台,北大地,整租,NULL,3600,60,2,1,1,中,6,南,中,电视|空调|热水器|洗衣机|冰箱|床|沙发|衣柜|暖气|可做饭|阳台|独立卫生间,押一付一,1,我爱我家,NULL,NULL
441,5a0ca127d4d5904fa47b5b93,2017/11/16 4:18,大兴,旧宫,整租,NULL,6500,130,3,1,1,高,10,南北,豪,电视|空调|热水器|洗衣机|冰箱|床|沙发|衣柜|暖气|宽带网|可做饭|独立阳台|独卫,NULL,1,我爱我家,NULL,NULL
442,5a6cabaa73235e434259532c,2018/1/28 0:41,朝阳,北苑,整租,NULL,7800,108,3,2,1,低,32,东北,精,电视|空调|热水器|洗衣机|冰箱|床|沙发|衣柜|暖气|宽带网|可做饭|独立阳台|独卫,押一付三,1,北京我爱我家房地产经纪有限公司,NULL,NULL
443,5ad7796b73235e04b4a51cab,2018/4/19 0:59,顺义,顺义城区,整租,NULL,3300,68,2,1,1,,5,南北,精,电视|空调|热水器|洗衣机|冰箱|床|沙发|衣柜|暖气|宽带网|可做饭|独立阳台|独卫,押一付三,1,北京金色时光房地产经纪有限公司,NULL,NULL
444,5ab3eb1873235e2855d22ab7,2018/3/23 1:42,通州,其他,整租,NULL,3000,105,2,2,1,高,6,南北,精,电视|空调|热水器|洗衣机|冰箱|床|沙发|衣柜|暖气|宽带网|可做饭|独立阳台|独卫,押一付三,1,北京利未房地产经纪有限公司,NULL,NULL
445,5ae753cb73235e541d2042c5,2018/5/1 1:35,昌平,北七家,整租,NULL,1600,46,1,1,1,高,13,南北,简,电视|空调|热水器|洗衣机|床|沙发|宽带网|独卫,押一付一,0,NULL,NULL,NULL
446,5a43cd7673235e2ea5969c97,2017/12/28 0:42,朝阳,高碑店,整租,NULL,6400,75,2,1,1,低,22,东,精,电视|空调|热水器|洗衣机|冰箱|床|沙发|衣柜|暖气|宽带网|可做饭|独立阳台|独卫,押一付三,1,我爱我家,NULL,NULL
447,5a2d5ff7d4d59021f36bc254,2017/12/11 0:25,朝阳,朝青板块,整租,NULL,12000,76,3,1,2,低,15,西南,精,电视|空调|热水器|洗衣机|冰箱|床|沙发|衣柜|暖气|宽带网|可做饭|独立阳台|独卫,押一付一,1,我爱我家,NULL,NULL
448,5ae75dc973235e541fe1de71,2018/5/1 2:17,通州,九棵树,整租,NULL,4300,90,2,2,1,高,6,南北,精,电视|空调|热水器|洗衣机|冰箱|床|衣柜|暖气|宽带网|可做饭|独立阳台,押一付三,0,NULL,NULL,NULL
449,59f064a3ec9854777a51c449,2017/10/25 18:17,西城,车公庄,整租,NULL,4500,70,2,1,1,中,6,南,中,电视|空调|热水器|洗衣机|冰箱|床|沙发|衣柜|暖气|宽带网|可做饭|独立阳台|独卫,押一付三,1,我爱我家,NULL,NULL
450,5ae750909d3e613cef199eb1,2018/5/1 1:21,北京周边,NULL,整租,NULL,600,53,1,1,1,高,20,南北,精,电视|空调|洗衣机|冰箱|床|沙发|衣柜|暖气|宽带网|可做饭|独立阳台|独卫,押一付一,0,NULL,NULL,NULL
451,5a655c0b73235e3a0eebf533,2018/1/22 11:35,海淀,玉泉路,整租,NULL,4500,65,2,1,1,低,6,南北,简,电视|空调|热水器|洗衣机|冰箱|床|沙发|衣柜|暖气|可做饭|独立阳台|独卫,押一付三,1,NULL,NULL,NULL
452,5ae761ab73235e541d210702,2018/5/1 2:34,东城,其他,整租,NULL,5000,65,1,1,1,中,33,南,中,空调|热水器|洗衣机|冰箱|床|沙发|衣柜|暖气|宽带网|独立阳台|独卫,押一付一,1,北京我爱我家房地产经纪有限公司,NULL,NULL
453,5a43d07a9d3e6134d4e74b14,2017/12/28 0:55,海淀,五棵松,整租,NULL,1600,18,3,1,3,中,6,南,中,空调|热水器|洗衣机|冰箱|床|沙发|衣柜|暖气|宽带网|可做饭|独立阳台|独卫,押一付一,1,中润置家,NULL,NULL
454,5a26d8129d3e615f1a3b5311,2017/12/6 1:32,东城,东四,整租,NULL,1900,16,1,1,NULL,,1,南北,精,可做饭|独立阳台,押一付三,1,隆元行,NULL,NULL
455,599fe6a8a9f7e95b466c30ed,2017/8/25 16:58,朝阳,双桥,整租,NULL,6500,148,3,1,1,高,20,南,精,电视|空调|热水器|洗衣机|冰箱|床|暖气|宽带网|可做饭,押一付三,1,恒洋我家,NULL,NULL
456,5ac5062e73235e408ec968ac,2018/4/5 1:06,东城,建国门,整租,NULL,1550,21,1,1,1,高,18,南北,精,电视|空调|热水器|洗衣机|床|衣柜|宽带网|可做饭|独立阳台|独卫,押一付一,0,NULL,NULL,NULL
457,5a3005849d3e61617b156a07,2017/12/13 0:36,朝阳,北苑,合租,NULL,2200,70,3,2,2,低,19,南,豪,电视|空调|热水器|洗衣机|冰箱|床|沙发|衣柜|暖气|宽带网|可做饭|独立阳台|独卫,押一付三,1,我爱我家,NULL,NULL
458,5accf06d73235e76bebc70d3,2018/4/11 1:12,丰台,刘家窑,合租,NULL,1400,18,2,1,1,中,19,南,中,电视|空调|热水器|洗衣机|冰箱|床|沙发|衣柜|暖气|宽带网|可做饭|独立阳台|独卫,押一付一,1,国源伟业,NULL,NULL
459,59504a6ea9f7e9181a7b4f2a,2017/6/26 7:42,海淀,马连洼,合租,NULL,1900,20,3,1,1,中,25,南,中,空调|热水器|洗衣机|冰箱|床|暖气|宽带网|可做饭|阳台|独立卫生间,押一付一,1,蛋壳公寓,NULL,NULL
460,5a5f913a9d3e6128768d8da5,2018/1/18 2:08,通州,马驹桥,整租,NULL,3200,86,2,1,1,低,15,南北,精,电视|空调|热水器|洗衣机|冰箱|床|沙发|衣柜|暖气|可做饭|独立阳台|独卫,押一付三,1,金诺永诚,NULL,NULL
461,59b33a8733f035593cf23289,2017/9/9 8:49,朝阳,国贸,合租,NULL,1700,NULL,NULL,NULL,NULL,,,,,电视|空调|热水器|洗衣机|冰箱|床|沙发|衣柜|暖气|宽带网|可做饭|独立阳台|独卫,押一付三,1,中天置地,NULL,NULL
462,594d6afca9f7e9181a776125,2017/6/24 3:24,朝阳,四惠,整租,NULL,6800,58,1,1,1,低,26,北,精,可做饭|阳台|独立卫生间,NULL,1,我爱我家,NULL,NULL
463,5a3011a69d3e61617961e34d,2017/12/13 1:28,西城,展览路,整租,NULL,7500,48,2,1,1,,5,东西,精,床,押一付三,1,链家地产,NULL,NULL
464,5a6df69498e1b830d922f69a,2018/1/29 0:13,朝阳,三里屯,整租,NULL,6000,56,2,1,1,,5,南北,简,电视|空调|热水器|洗衣机|冰箱|床|沙发|衣柜|暖气|宽带网|可做饭|独立阳台|独卫,押一付三,1,我爱我家,NULL,NULL
465,5ae749c673235e5421f2695b,2018/5/1 0:52,昌平,北七家,合租,NULL,1200,20,3,1,1,低,6,南,精,空调|热水器|洗衣机|冰箱|床|衣柜|暖气|宽带网|可做饭,押一付一,1,中润置家,NULL,NULL
466,599844775f8f790acd99e661,2017/8/19 22:00,东城,东直门,整租,NULL,8000,75,2,1,1,高,18,南北,精,电视|空调|热水器|洗衣机|冰箱|床|沙发|衣柜|暖气|宽带网|可做饭|阳台|独卫,押一付三,1,21世纪不动产经纪公司,NULL,NULL
467,592f258aa9f7e95c70bba4ad,2017/6/1 4:20,昌平,昌平县城,整租,NULL,4500,90,2,2,1,中,28,南北,中,电视|空调|热水器|洗衣机|微波炉|冰箱|床|沙发|衣柜|暖气|宽带网|可做饭|阳台|独立卫生间,押一付三,0,NULL,NULL,NULL
468,5accf36e9d3e6143445fd5ea,2018/4/11 1:25,房山,良乡,整租,NULL,2500,60,1,1,1,中,6,南,中,,押一付三,1,华熙房产,NULL,NULL
469,5a4126e073235e1e9b8e15b8,2017/12/26 0:27,通州,梨园,整租,NULL,5200,95,2,1,1,低,27,南北,精,电视|空调|热水器|洗衣机|冰箱|床|沙发|衣柜|暖气,押一付一,1,我爱我家,NULL,NULL
470,5a57ba9e9d3e617235b74631,2018/1/12 3:27,丰台,木樨园,整租,NULL,2000,46,2,1,1,高,9,北,简,电视|空调|热水器|洗衣机|床|沙发|宽带网|可做饭|独立阳台|独卫,押一付二,0,NULL,NULL,NULL
471,5accfee073235e76c4a9ca12,2018/4/11 2:13,昌平,天通苑,整租,NULL,4200,51,1,1,1,低,17,西,精,电视|空调|热水器|洗衣机|冰箱|床|沙发|衣柜|暖气|宽带网|可做饭|独立阳台|独卫,押一付一,1,我爱我家,NULL,NULL
472,5a3b20cc9d3e6145afd25c13,2017/12/21 10:47,西城,车公庄,整租,NULL,7000,70,2,1,1,中,20,南北,中,电视|空调|热水器|洗衣机|冰箱|床|沙发|衣柜|暖气|宽带网|可做饭|独立阳台|独卫,NULL,1,安家易居,NULL,NULL
473,5a3fd47d98e1b803907ffc27,2017/12/25 0:23,昌平,天通苑,整租,NULL,6800,145,3,1,2,中,18,南北,中,电视|空调|热水器|洗衣机|冰箱|床|沙发|衣柜|暖气|宽带网|可做饭|独立阳台,押一付三,1,我爱我家,NULL,NULL
474,5ae741f69d3e613cee7f8f8d,2018/5/1 0:19,海淀,西三旗,整租,NULL,300,36,1,1,1,高,7,西,精,电视|空调|热水器|洗衣机|冰箱|床|沙发|衣柜|暖气|宽带网|可做饭|独立阳台|独卫,押一付一,1,NULL,NULL,NULL
475,59747ca4a9f7e9096a754069,2017/7/23 18:38,朝阳,定福庄,整租,NULL,2300,28,3,1,1,低,27,南,中,电视|空调|热水器|洗衣机|冰箱|床|暖气,押一付一,1,NULL,NULL,NULL
476,5aca55609d3e6123d2dee0de,2018/4/9 1:46,海淀,西山,合租,NULL,2000,20,3,2,1,,5,北,精,电视|空调|热水器|洗衣机|冰箱|床|沙发|衣柜|暖气|宽带网|可做饭|独卫,押一付三,0,NULL,NULL,NULL
477,594c595ba9f7e9181a7573c7,2017/6/23 7:57,顺义,石园,合租,NULL,1000,18,4,1,1,低,6,南,中,电视|空调|热水器|洗衣机|冰箱|床|沙发|衣柜|暖气|宽带网|可做饭|阳台|独立卫生间,押一付三,1,中隆地产,NULL,NULL
478,5a141d24d4d59032ddb475ec,2017/11/21 20:33,通州,马驹桥,整租,NULL,2800,69,1,1,1,高,12,南,精,电视|空调|热水器|洗衣机|冰箱|床|沙发|衣柜|暖气|宽带网|可做饭|独立阳台|独卫,押一付一,1,我爱我家,NULL,NULL
479,59354d985f8f7928ec4c0929,2017/6/5 20:24,朝阳,西坝河,合租,NULL,1500,21,3,1,1,中,6,南,中,电视|空调|热水器|洗衣机|冰箱|床|沙发|衣柜|暖气|宽带网|可做饭|阳台|独立卫生间,押一付一,1,京创家园,NULL,NULL
480,5ae4bad673235e72b62c0e61,2018/4/29 2:17,朝阳,亚运村,合租,NULL,3300,28,3,1,1,低,25,南,精,空调|热水器|洗衣机|冰箱|床|衣柜|暖气|宽带网|可做饭|独立阳台,押一付一,1,世杰佳园,NULL,NULL
481,59d0744333f035557c66ae53,2017/10/1 12:51,丰台,马家堡,合租,NULL,900,10,2,2,1,中,6,南北,中,电视|空调|热水器|洗衣机|冰箱|床|沙发|衣柜|暖气|宽带网|可做饭|独立阳台|独卫,押一付三,1,中天置地房地产,NULL,NULL
482,5aae95799d3e612c84711588,2018/3/19 0:36,门头沟,永定,合租,NULL,800,28,2,1,1,低,7,南,简,热水器|洗衣机|冰箱|床|暖气|宽带网|独卫,押一付三,0,NULL,NULL,NULL
483,5ae7416f73235e5420d320c0,2018/5/1 0:16,石景山,鲁谷,整租,NULL,5300,65,2,1,1,中,12,南北,中,电视|空调|热水器|洗衣机|冰箱|床|沙发|衣柜|暖气|可做饭|独立阳台|独卫,押一付三,0,NULL,NULL,NULL
484,5a7734bf9d3e61020b50abf0,2018/2/5 0:28,燕郊,城区,整租,NULL,1400,82,2,1,1,高,18,西北,豪,电视|空调|热水器|洗衣机|冰箱|床|沙发|衣柜|暖气|宽带网|可做饭|独立阳台|独卫,押一付三,1,福地置业,NULL,NULL
485,5a2d6fecd4d59021f7434bc8,2017/12/11 1:33,朝阳,劲松,整租,NULL,4800,55,2,1,1,中,6,南,中,电视|空调|热水器|洗衣机|冰箱|床|沙发|衣柜|暖气|宽带网|可做饭|独立阳台|独卫,押一付三,1,爱屋吉屋,NULL,NULL
486,59d0d23933f035557c68a7df,2017/10/1 19:32,通州,果园,合租,NULL,1700,17,3,1,1,中,28,南,中,电视|空调|热水器|洗衣机|冰箱|床|沙发|衣柜|暖气|宽带网|可做饭|独立阳台|独卫,押一付一,1,蛋壳公寓,NULL,NULL
487,5a2ac7f29d3e61442a49214f,2017/12/9 1:12,朝阳,双井,整租,NULL,11000,108,2,2,2,低,15,南北,精,床,押一付三,1,链家地产,NULL,NULL
488,5aabf1c273235e031130e67c,2018/3/17 0:33,海淀,上地,合租,NULL,2000,25,3,1,1,中,6,南,中,电视|空调|热水器|洗衣机|冰箱|床|沙发|衣柜|暖气|宽带网|可做饭|独立阳台,押一付一,1,中润置家,NULL,NULL
489,59357f6d5f8f7928ec4c585e,2017/6/5 23:57,石景山,鲁谷,合租,NULL,1600,16,3,1,1,中,6,西,中,电视|空调|热水器|洗衣机|冰箱|床|衣柜|暖气|宽带网|可做饭,押一付三,1,我爱我家,NULL,NULL
490,5a2c0e5a9d3e610c3d0e1081,2017/12/10 0:24,海淀,西三旗,合租,NULL,1660,14,3,1,1,中,24,南,中,电视|空调|热水器|洗衣机|冰箱|床|沙发|衣柜|暖气|宽带网|可做饭|独立阳台|独卫,押一付一,1,蛋壳公寓,NULL,NULL
491,5971a7b35f8f79260083e4bd,2017/7/21 15:05,朝阳,工体,整租,NULL,19000,136,2,1,1,中,25,东,中,,押一付三,1,NULL,NULL,NULL
492,5a57d4589d3e6171ef215771,2018/1/12 5:17,宣武,广安门,合租,NULL,2500,26,3,1,1,中,6,南,中,电视|空调|热水器|洗衣机|冰箱|床|沙发|衣柜|暖气|宽带网|可做饭|独立阳台|独卫,押一付三,0,NULL,NULL,NULL
493,5a1dba44d4d5902effd946d6,2017/11/29 3:34,通州,梨园,整租,NULL,2400,50,1,1,1,中,6,南北,中,电视|空调|热水器|洗衣机|冰箱|床|沙发|衣柜|暖气|宽带网|可做饭|独立阳台|独卫,押一付一,1,一铭公寓,NULL,NULL
494,59605833a9f7e97f38cfcc8e,2017/7/8 11:57,海淀,万寿路,整租,NULL,5600,64,2,1,1,高,6,南北,精,床,押一付三,1,链家地产,NULL,NULL
495,59d0c24933f035557c685c02,2017/10/1 18:24,丰台,方庄,合租,NULL,1100,12,3,1,2,高,33,南,,电视|空调|热水器|洗衣机|冰箱|床|沙发|衣柜|暖气|宽带网|可做饭,押一付一,1,北京中天置地房地产经纪有限公司,NULL,NULL
496,5a2819af9d3e61270778368c,2017/12/7 0:24,丰台,科技园区,合租,NULL,2000,20,3,1,2,低,18,南,精,电视|空调|热水器|洗衣机|冰箱|床|沙发|衣柜|暖气|宽带网|可做饭|独立阳台|独卫,押一付一,1,乐享家公寓,NULL,NULL
497,5a3154a2d4d5900ba185e96e,2017/12/14 0:26,丰台,刘家窑,合租,NULL,2120,18,3,1,1,中,22,南,中,电视|空调|热水器|洗衣机|冰箱|床|沙发|衣柜|暖气|宽带网|可做饭|独立阳台|独卫,押一付一,1,蛋壳公寓,NULL,NULL
498,5a5f879973235e7c0a6da5fa,2018/1/18 1:27,朝阳,呼家楼,合租,NULL,2400,20,3,2,1,中,30,南,中,电视|空调|热水器|洗衣机|冰箱|床|沙发|衣柜|暖气|宽带网|可做饭|独立阳台|独卫,押一付一,1,我爱我家,NULL,NULL
499,5a13e051d4d590370c739169,2017/11/21 16:14,朝阳,高碑店,合租,NULL,1700,20,5,1,2,低,29,南北,精,空调|热水器|洗衣机|冰箱|床|衣柜|暖气,NULL,0,NULL,NULL,NULL
500,5a0c57b3d4d5904fa470bb8f,2017/11/15 23:05,丰台,蒲黄榆,整租,NULL,4450,66,2,1,1,中,6,南北,中,电视|空调|热水器|洗衣机|冰箱|床|沙发|衣柜|暖气|宽带网|可做饭|独立阳台|独卫,押一付三,1,我爱我家,NULL,NULL
501,5ae742da73235e541d1f87db,2018/5/1 0:22,朝阳,双桥,整租,NULL,900,20,1,NULL,1,,3,南,精,空调|热水器|洗衣机|床|衣柜|宽带网|可做饭|独立阳台|独卫,押一付一,0,NULL,NULL,NULL
502,5961aa5ba9f7e97f38d2166d,2017/7/9 12:00,丰台,六里桥,合租,NULL,1700,22,2,1,1,低,23,南,精,电视|空调|热水器|洗衣机|冰箱|床|沙发|衣柜|暖气|宽带网|可做饭,押一付一,1,恒远置地,NULL,NULL
503,5ae743bf73235e541fe0a5ce,2018/5/1 0:26,朝阳,小关,整租,NULL,388,100,1,3,1,,2,东,豪,电视|空调|热水器|洗衣机|冰箱|床|沙发|衣柜|宽带网|可做饭|独立阳台|独卫,NULL,0,NULL,NULL,NULL
504,5a354ff9d4d59072d4bf6ed5,2017/12/17 0:55,房山,燕山,整租,NULL,1000,60,2,1,1,,5,南北,精,电视|空调|热水器|洗衣机|冰箱|床|暖气|宽带网|可做饭|独立阳台|独卫,押一付三,1,德馨乐居,NULL,NULL
505,5a5b861998e1b84d3517fe95,2018/1/15 0:32,海淀,玉泉路,整租,NULL,890,33,1,1,1,中,23,南北,中,,押一付一,1,北京基诺信息咨询有限公司,NULL,NULL
506,5a13e445d4d59035835837fe,2017/11/21 16:31,朝阳,朝青板块,整租,NULL,7500,103,3,1,2,低,7,南,精,电视|空调|热水器|洗衣机|冰箱|床|沙发|衣柜|暖气|宽带网|可做饭|独立阳台|独卫,押一付一,1,蛋壳公寓,NULL,NULL
507,5a2abab69d3e61442a4798f3,2017/12/9 0:15,顺义,顺义城区,整租,NULL,3500,83,2,1,1,低,6,南,精,,押一付三,1,金色时光,NULL,NULL
508,59532097ff99043b1f0baf2d,2017/6/28 11:20,丰台,玉泉营,整租,NULL,6000,98,2,1,1,中,29,南北,中,床,押一付三,1,链家地产,NULL,NULL
509,5a2abc519d3e61442a47c38d,2017/12/9 0:22,朝阳,酒仙桥,合租,NULL,2000,20,3,1,1,中,24,南,中,电视|空调|热水器|洗衣机|冰箱|床|沙发|衣柜|暖气|宽带网|可做饭|独立阳台|独卫,押一付一,1,蛋壳公寓,NULL,NULL
510,59d07a1733f035557c66d3ff,2017/10/1 13:16,朝阳,潘家园,整租,NULL,6500,100,3,1,1,中,28,南,中,电视|空调|热水器|洗衣机|冰箱|床|沙发|衣柜|暖气|宽带网|可做饭|独立阳台|独卫,押一付三,1,中天置地,NULL,NULL
511,5adf8b6e9d3e610ce672bfd3,2018/4/25 3:54,北京周边,香河,整租,NULL,1200,81,2,1,1,中,9,南,中,电视|空调|热水器|洗衣机|冰箱|床|沙发|衣柜|暖气|宽带网|可做饭|独立阳台|独卫,押一付一,0,NULL,NULL,NULL
512,59b5ad9433f035593cf4ce48,2017/9/11 5:24,昌平,天通苑,合租,NULL,2200,NULL,NULL,NULL,NULL,,,,,电视|空调|热水器|洗衣机|冰箱|床|沙发|衣柜|暖气|可做饭|独立阳台|独卫,押一付一,1,我爱我家,NULL,NULL
513,5a141fedd4d59032ddb493d7,2017/11/21 20:45,朝阳,管庄,整租,NULL,4600,106,3,1,1,低,24,东北,精,床,NULL,1,链家地产,NULL,NULL
514,5a466e059d3e614a0bd0c8f9,2017/12/30 0:32,朝阳,安贞,整租,NULL,6200,50,2,1,1,中,6,南,中,床,押一付三,1,链家地产,NULL,NULL
515,5a4fab7298e1b853b9c1645d,2018/1/6 0:44,海淀,中关村,整租,NULL,7200,56,1,1,1,高,8,南北,精,电视|空调|热水器|洗衣机|冰箱|床|沙发|衣柜|暖气|宽带网|可做饭|独立阳台|独卫,押一付三,1,立达嘉业,NULL,NULL
516,5a6df7e673235e0a433b0a54,2018/1/29 0:18,朝阳,建外大街,整租,NULL,7500,75,2,1,1,低,6,南北,精,电视|空调|热水器|洗衣机|冰箱|床|沙发|衣柜|暖气|宽带网|可做饭|独立阳台|独卫,押一付三,1,中恒建业,NULL,NULL
517,59b0950cec9854272fdcf056,2017/9/7 8:38,朝阳,垡头,合租,NULL,2600,30,3,1,1,中,9,南北,中,,押一付一,1,NULL,NULL,NULL
518,59d1b3c9ec9854596071d594,2017/10/2 11:34,西城,西直门,整租,NULL,2700,25,1,1,1,低,15,南,,电视|空调|热水器|洗衣机|冰箱|床|沙发|衣柜|暖气|宽带网|可做饭|独立阳台|独卫,押一付三,1,北京盛世纪房地产经纪有限公司,NULL,NULL
519,5a1dd220d4d5902f021fe1b6,2017/11/29 5:16,昌平,北七家,整租,NULL,2900,89,1,1,1,低,6,南北,简,电视|空调|热水器|洗衣机|冰箱|床|暖气|宽带网,押一付一,1,万众恒基,NULL,NULL
520,5ae7527673235e541fe140f6,2018/5/1 1:29,海淀,NULL,整租,NULL,450,88,2,1,1,高,7,东,豪,电视|空调|热水器|洗衣机|冰箱|床|沙发|衣柜|暖气|宽带网|可做饭|独立阳台|独卫,押一付三,1,NULL,NULL,NULL
521,5ac506ed73235e408b047991,2018/4/5 1:10,海淀,五道口,整租,NULL,8000,93,2,1,1,中,8,南北,中,电视|空调|热水器|洗衣机|冰箱|床|沙发|衣柜|暖气|宽带网|可做饭|独立阳台|独卫,押一付三,1,我爱我家,NULL,NULL
522,5a13ed90d4d590316025a9b5,2017/11/21 17:10,海淀,西三旗,整租,NULL,4500,68,2,1,1,中,6,南北,中,电视|空调|热水器|洗衣机|冰箱|床|沙发|衣柜|暖气|宽带网|可做饭|独立阳台|独卫,押一付三,1,我爱我家,NULL,NULL
523,5a0d518033f03543b9d964bf,2017/11/16 16:51,朝阳,安贞,整租,NULL,6400,53,1,1,1,中,14,东,中,电视|空调|热水器|洗衣机|冰箱|床|暖气|宽带网,押一付三,1,鑫创置地,NULL,NULL
524,5ae7622b73235e5420d4c0cf,2018/5/1 2:36,北京周边,其他,整租,NULL,5800,89,2,1,1,中,26,西,中,电视|空调|热水器|洗衣机|冰箱|床|沙发|衣柜|暖气|宽带网|可做饭|独卫,押一付三,1,恒洋我家,NULL,NULL
525,5a524ca598e1b8604bebaffd,2018/1/8 0:36,朝阳,孙河,整租,NULL,6500,120,3,1,1,高,11,南北,精,电视|空调|热水器|洗衣机|冰箱|床|衣柜|暖气|宽带网|可做饭|独立阳台|独卫,押一付三,1,安居恒远,NULL,NULL
526,5a6df9f498e1b830d92348e3,2018/1/29 0:27,昌平,昌平县城,整租,NULL,3000,96,2,1,1,高,6,南北,精,电视|空调|热水器|洗衣机|冰箱|床|沙发|衣柜|暖气|宽带网|可做饭|独立阳台|独卫,押一付三,1,易合房产,NULL,NULL
527,5a0ab588ec98545ea3c3644b,2017/11/14 17:21,通州,临河里,整租,NULL,3800,60,2,1,1,低,12,南,精,电视|空调|热水器|洗衣机|冰箱|床|沙发|衣柜|暖气|可做饭|独卫,NULL,0,NULL,NULL,NULL
528,592eb94b5f8f7928ec44798d,2017/5/31 20:38,通州,梨园,合租,NULL,1490,12,3,1,1,高,27,北,精,空调|热水器|洗衣机|冰箱|床|沙发|衣柜|暖气|宽带网|阳台|独立卫生间,押一付一,1,链家地产,NULL,NULL
529,59a0430ba9f7e95b466ca7a3,2017/8/25 23:32,海淀,中关村,整租,NULL,11600,96,2,2,1,低,16,东,精,电视|空调|热水器|洗衣机|冰箱|床|沙发|衣柜|暖气|宽带网|可做饭|阳台|独卫,NULL,0,NULL,NULL,NULL
530,5a3940819d3e61592e3e4d36,2017/12/20 0:38,海淀,公主坟,整租,NULL,1500,20,1,1,1,高,22,南北,精,电视|空调|热水器|洗衣机|床|衣柜|宽带网|可做饭|独立阳台|独卫,押一付一,0,NULL,NULL,NULL
531,5968f35e5f8f79351351123a,2017/7/15 0:37,大兴,生物医药基地,合租,NULL,900,29,1,NULL,1,高,23,南,精,空调|热水器|洗衣机|冰箱|床|沙发|衣柜|暖气|宽带网|可做饭|阳台|独立卫生间,NULL,0,NULL,NULL,NULL
532,59b5b53eec9854272fe39a1e,2017/9/11 5:57,东城,东单,整租,NULL,8500,NULL,NULL,NULL,NULL,,,,,电视|空调|热水器|洗衣机|冰箱|床|沙发|衣柜|暖气|宽带网|可做饭|独立阳台|独卫,押一付三,1,我爱我家,NULL,NULL
533,5a57d4d69d3e6172111bae13,2018/1/12 5:19,丰台,赵公口,整租,NULL,4000,60,2,1,1,高,21,南,精,电视|空调|热水器|洗衣机|冰箱|床|沙发|衣柜|暖气|宽带网|可做饭|独立阳台|独卫,押一付三,1,九星房产,NULL,NULL
534,59f995d533f0351cd32f4554,2017/11/1 17:37,昌平,北七家,合租,NULL,1650,30,4,1,2,,5,南,精,电视|空调|热水器|洗衣机|冰箱|床|沙发|衣柜|暖气|宽带网|可做饭|独立阳台,押一付三,0,NULL,NULL,NULL
535,5a748f1173235e6d377b8a9d,2018/2/3 0:17,西城,阜成门,整租,NULL,5400,67,2,1,1,低,6,南北,精,电视|空调|热水器|洗衣机|冰箱|床|沙发|衣柜|暖气|宽带网|可做饭|独立阳台|独卫,NULL,1,安家易居,NULL,NULL
536,5a0c6664d4d5904fa4730c4f,2017/11/16 0:08,昌平,北七家,整租,NULL,8500,266,5,2,4,,2,南北,豪,,NULL,1,泛城置地,NULL,NULL
537,5a0c7971d4d5904fa475d051,2017/11/16 1:29,海淀,五道口,整租,NULL,5000,54,1,1,1,高,28,南北,豪,电视|空调|热水器|洗衣机|冰箱|床|暖气|宽带网,押一付三,1,福牛地产,NULL,NULL
538,5963cebea9f7e97f38d48e7f,2017/7/11 3:00,西城,新街口,整租,NULL,750,55,1,1,1,中,15,东,中,电视|空调|热水器|洗衣机|微波炉|冰箱|床|沙发|衣柜|暖气|宽带网|可做饭|阳台|独立卫生间,押一付一,0,NULL,NULL,NULL
539,59505d3fa9f7e9181a7b6451,2017/6/26 9:02,朝阳,欢乐谷,合租,NULL,2280,15,4,1,2,高,22,南,豪,电视|空调|热水器|洗衣机|冰箱|床|沙发|衣柜|暖气|宽带网|可做饭|阳台|独立卫生间,押一付一,1,成长大象,NULL,NULL
540,597ab829a9f7e9096a7b778c,2017/7/28 12:06,朝阳,望京,整租,NULL,5600,55,2,1,1,低,6,南北,简,床,押一付三,1,链家地产,NULL,NULL
541,59fa178933f0351cd331f1ac,2017/11/2 2:50,昌平,回龙观,合租,NULL,1350,20,3,2,1,中,6,北,中,电视|空调|热水器|洗衣机|冰箱|床|沙发|衣柜|暖气|宽带网|可做饭|独立阳台,押一付一,1,柠檬公寓（回龙观店）,NULL,NULL
542,5a41371298e1b84970d25880,2017/12/26 1:36,朝阳,十里堡,整租,NULL,7600,68,3,1,1,,5,南北,精,床,押一付三,1,链家地产,NULL,NULL
543,59d13997ec98545960710fb9,2017/10/2 2:53,朝阳,常营,整租,NULL,5500,86,2,1,1,高,18,南,,电视|空调|热水器|洗衣机|冰箱|床|沙发|衣柜|暖气|宽带网|可做饭|独立阳台|独卫,押一付三,1,我爱我家,NULL,NULL
544,59b3f658ec9854272fe1d47a,2017/9/9 22:10,崇文,广渠门,整租,NULL,8000,NULL,NULL,NULL,NULL,,,,,电视|空调|热水器|洗衣机|冰箱|床|暖气,押一付三,1,NULL,NULL,NULL
545,5ae2091d73235e0dd2786e29,2018/4/27 1:15,丰台,玉泉营,整租,NULL,5800,78,2,1,1,中,22,东西,中,电视|空调|热水器|洗衣机|冰箱|床|暖气|宽带网,押一付半年,1,长实之地,NULL,NULL
546,5a5e2cd89d3e615c96e1e5b1,2018/1/17 0:48,朝阳,垡头,合租,NULL,1650,16,4,1,1,中,28,南,中,空调|热水器|洗衣机|冰箱|床|衣柜|暖气|宽带网|可做饭,押一付二,0,NULL,NULL,NULL
547,5a2c22dad4d590598ce72d36,2017/12/10 1:52,石景山,古城,整租,NULL,4600,77,2,1,1,中,21,南北,中,电视|空调|热水器|洗衣机|冰箱|床|沙发|衣柜|暖气|宽带网|可做饭|独立阳台|独卫,押一付一,1,我爱我家,NULL,NULL
548,5a394d7cd4d5907e33c11d1e,2017/12/20 1:33,崇文,崇文门,合租,NULL,2800,14,3,1,1,高,16,东,精,电视|空调|热水器|洗衣机|冰箱|床|衣柜|暖气|独立阳台,NULL,0,NULL,NULL,NULL
549,5adf6bf873235e2a21608993,2018/4/25 1:40,朝阳,和平街,合租,NULL,3300,35,3,2,2,中,17,南,中,空调|热水器|洗衣机|冰箱|床|衣柜|暖气|可做饭,押一付三,1,中隆地产,NULL,NULL
