agency_name,broker_id,score,property_fee,house_count,building_count,floor,price,rent_type,pay_type,direction,room_type,is_broker,floor_total,complete_time,hall_num,room_num,area,toilet_num, 公交, 医院, 地铁, 学校, 旅游景点, 美食, 购物, 酒店, 银行,distance1000,distance1500,distance2000,distance500,crawl_time,decoration,district,zone,facilities
链家地产,fang_2228214,47,0.1,492,9,低,6000,整租,押三付六,东北,,1,16,1987,1,2,54,1,20,20,5,20,20,20,,20,20,41,90,134,20,2017/12/31 12:00,NULL,海淀,牡丹园,电视|空调|热水器|洗衣机|冰箱|床|沙发|衣柜|暖气|宽带网|可做饭|阳台|独立卫生间
国泰大成,fang_2205907,,0.3,84,1,低,,整租,(押一付三 ),南北,,1,9,1979,2,3,142,2,20,20,,20,,20,,20,20,68,56,82,108,2017/12/31 17:00,,海淀,田村,电视|空调|热水器|洗衣机|微波炉|冰箱|床|沙发|衣柜|暖气|宽带网|可做饭|阳台|独立卫生间
鹏基伟业房地产,fang_2047282,,0.5,160,3,,1430,合租,可支持分期月付,南,次,1,6,,1,3,19,1,,20,7,20,,20,,20,,109,121,72,,2017/12/31 22:00,简装,海淀,马连洼,电视|空调|热水器|洗衣机|冰箱|床|沙发|衣柜|暖气|宽带网|可做饭|阳台|独立卫生间
我爱我家,fang_1432079,,0.5,69,3,,6000,整租,押二付一,南北,,1,,,1,2,0,1,,10,,20,,20,20,13,,63,,62,,2018/1/1 3:00,精装,海淀,牡丹园,电视|空调|热水器|洗衣机|冰箱|床|暖气|宽带网
,,,0.5,356,3,高,1900,,押零付十二,暗间,隔断,0,120,,2,,0,2,20,20,16,20,20,20,20,20,,103,,88,63,,未知,海淀,白石桥,电视|空调|热水器|洗衣机|冰箱|床|沙发|衣柜|暖气|宽带网|可做饭|阳台|独立卫生间
,,,0.5,1032,17,高,2430,租房类型,付五,暗间,主,1,,,1,,0,1,20,,6,20,17,,20,20,20,94,,79,80,,中装,海淀,北洼路,电视|空调|热水器|洗衣机|冰箱|床|沙发|衣柜|暖气|可做饭|阳台|独立卫生间
我爱我家,fang_2065880,,0.5,144,2,高,4300,租房类型,押二付年,暗间,,1,6,,1,1,41,1,20,,7,20,19,,20,20,20,81,,72,99,,豪,海淀,车道沟,床
北京宏天伟业房地产经纪有限公司,fang_1225009,,0.5,312,6,低,2500,租房类型,押0付11,南,,,120,,1,3,28,1,20,,11,20,20,,20,20,20,139,120,,38,,精,海淀,五棵松,电视|空调|热水器|洗衣机|微波炉|冰箱|床|沙发|衣柜|暖气|宽带网|可做饭|阳台|独立卫生间
,,41.8,0.5,,3,,5200,,"(押一付一) 分期付,0压力 月供:436 元 利息:36 我要申请",南,次卧次卧,,120,1986,1,2,41,1,20,20,6,20,20,20,20,20,20,132,141,,34,,简,海淀,公主坟,电视|空调|热水器|洗衣机|冰箱|床|沙发|衣柜|暖气|宽带网|可做饭|阳台|独立卫生间
链家地产,fang_2228153,31.48,0.5,,1,低,5500,,(押一付半年),西,次卧次卧,1,6,2020,1,1,36,1,20,20,7,20,20,20,20,,20,82,92,,98,2018/1/2 9:00,普装,海淀,人民大学,电视|空调|热水器|洗衣机|冰箱|床|沙发|衣柜|暖气|宽带网|可做饭|阳台|独立卫生间
,,29.3,0.5,1006,19,高,4600,整租,押三付十二,北,次卧次卧,9,-4,2020,0,1,35,1,20,18,4,,20,20,20,,20,77,101,65,78,2018/1/2 14:00,毛坯,海淀,,电视|空调|热水器|洗衣机|微波炉|冰箱|床|衣柜|暖气|宽带网|可做饭|阳台
链家地产,fang_2095882,31.42,0.5,276,,高,,整租,付八,东,,9,-4,2020,1,4,129,,20,20,13,,20,20,20,,20,132,62,83,73,2018/1/2 19:00,中,海淀,,电视|空调|热水器|洗衣机|冰箱|床|沙发|衣柜|暖气|宽带网|阳台
我爱我家,fang_1798135,9.32,0.5,586,,高,5500,整租,(押一付一),南北,,9,-4,2020,1,2,65,,20,12,3,,20,20,20,20,20,122,41,73,24,2018/1/3 0:00,豪装,海淀,,电视|空调|热水器|洗衣机|冰箱|床|衣柜|暖气|宽带网|可做饭|独立卫生间
永晟,fang_1734457,54.5,0.5,796,,高,4200,整租,押2付5,南北,,9,16,2020,1,,,,20,20,4,20,18,20,20,20,20,,80,105,55,2018/1/3 5:00,普,海淀,五棵松,电视|空调|热水器|洗衣机|微波炉|冰箱|床|沙发|衣柜|暖气|宽带网|可做饭|阳台|独立卫生间
我爱我家,fang_2065880,45.82,0.5,72,2,中,4000,整租,押三付三,南北,,1,6,2020,1,1,,1,20,20,11,20,20,20,20,20,20,,98,65,93,,精,海淀,车道沟,电视|空调|热水器|洗衣机|冰箱|床
中天置地,fang_69746,20.2,0.51,834,10,低,1680,合租,押一年付,南,次,1,6,1980,1,3,,1,20,20,10,20,20,20,20,20,20,,110,83,28,,中,海淀,白石桥,电视|空调|热水器|洗衣机|微波炉|冰箱|床|沙发|衣柜|暖气|宽带网|可做饭|阳台|独立卫生间
,,22.29,0.55,258,3,高,5400,整租,押三付年,南北,,0,6,1992,1,2,,1,20,20,15,20,20,20,20,20,20,112,86,44,87,,精,海淀,马连洼,电视|空调|热水器|洗衣机|冰箱|床|暖气|宽带网
,,32,0.55,432,5,中,1800,整租,季付,南北,,0,18,2001,2,,,1,20,20,6,20,20,20,20,20,20,89,143,86,69,,中,海淀,上地,电视|空调|热水器|洗衣机|冰箱|床|沙发|衣柜|暖气|宽带网|可做饭|阳台|独立卫生间
北京嘉诚易家房地产经纪有限公司,fang_1918749,77.65,0.56,270,6,中,1800,合租,押三付一,南北,主,1,6,1982,1,2,,1,20,16,6,20,20,20,20,20,20,55,62,101,46,2018/1/4 6:00,中,海淀,清河,空调|热水器|洗衣机|冰箱|床|暖气|宽带网|可做饭
我爱我家,fang_2227155,42.98,0.56,228,3,高,5300,整租,押一付三,东西,,1,6,1996,1,2,,1,20,20,9,20,20,20,20,20,20,94,48,113,79,2018/1/4 11:00,中,海淀,定慧寺,电视|空调|热水器|洗衣机|微波炉|冰箱|床|沙发|衣柜|暖气|宽带网|可做饭|阳台|独立卫生间
中天置地,fang_2171248,40.63,0.58,564,7,中,4600,整租,(押二付一) (快速贷款),南北,,1,6,1976,1,2,45,1,20,20,3,20,20,20,20,20,20,128,102,16,89,2018/1/4 16:00,简,海淀,二里庄,电视|空调|热水器|洗衣机|冰箱|床|暖气|宽带网
鸿盛伟业,fang_1575755,27.17,0.58,849,12,低,1900,合租,付十一,南,主,1,12,1993,1,,20,1,20,20,5,20,20,20,20,20,20,109,111,54,82,2018/1/4 21:00,精,海淀,四季青,电视|空调|热水器|洗衣机|冰箱|床|暖气|宽带网
北京链家房地产经纪有限公司,fang_840262,33.7,0.6,488,7,高,4500,整租,押二付二,南,,1,12,1992,,1,54,1,20,20,14,20,20,20,20,20,20,79,62,82,102,2018/1/5 2:00,中,海淀,安宁庄,电视|空调|热水器|洗衣机|冰箱|床|暖气|宽带网
链家地产,fang_2122446,35.58,0.6,216,3,低,8500,整租,无押付半年,东南,,1,21,2001,,2,98,1,20,20,5,20,20,20,20,20,20,118,111,28,71,2018/1/5 7:00,中,海淀,军博,电视|空调|热水器|洗衣机|冰箱|床|沙发|衣柜|暖气|宽带网|可做饭|阳台|独立卫生间
我爱我家,fang_2066185,50.76,0.65,294,5,中,16000,整租,付七,南,,1,20,1991,,4,180,2,20,20,7,20,20,20,20,20,20,101,146,34,71,2018/1/5 12:00,豪,海淀,人民大学,电视|空调|热水器|洗衣机|冰箱|床|沙发|衣柜|暖气|宽带网|可做饭|阳台|独立卫生间
中润置家,fang_2236796,42.5,0.7,360,6,中,5000,整租,押二付十二,南北,,1,6,2007,,2,70,1,20,20,5,20,20,20,20,20,20,112,106,31,103,2018/1/5 17:00,精,海淀,马连洼,电视|空调|热水器|洗衣机|冰箱|床|沙发|衣柜|暖气|宽带网|可做饭|阳台|独立卫生间
中润置家,fang_2233716,31.59,0.7,834,14,中,1200,合租,押一付四,南,次,1,6,1983,,3,15,1,20,20,1,20,20,20,20,20,20,106,94,122,73,2018/1/5 22:00,精,海淀,马连洼,电视|空调|热水器|洗衣机|冰箱|床|沙发|衣柜|暖气|宽带网|可做饭|阳台|独立卫生间
永晟,fang_1734459,14.41,0.72,269,4,,4600,整租,(押一付一) (快速贷款),南北,,1,5,2000,,2,65,1,20,20,10,20,20,20,20,20,20,66,125,87,86,2018/1/6 3:00,精,海淀,五棵松,电视|空调|热水器|洗衣机|冰箱|床|沙发|衣柜|暖气|宽带网|可做饭|阳台|独立卫生间
众意地产,fang_2235226,69.35,0.8,331,14,低,4900,整租,押一付十二,南北,,1,18,1974,1,1,45,1,20,20,13,20,20,20,20,20,20,110,80,100,77,2018/1/6 8:00,中,海淀,北大清华,电视|空调|热水器|洗衣机|微波炉|冰箱|床|沙发|衣柜|暖气|宽带网|可做饭|阳台|独立卫生间
中天置地,fang_2229380,69.25,0.8,1371,14,中,2300,合租,"(押一付三 - 租房贷) 分期付,0压力 月供:835.67 元 利息:69 我要申请",北,次,1,6,1952,1,2,18,1,20,20,7,20,20,20,20,20,20,86,75,101,85,2018/1/6 13:00,中,海淀,公主坟,电视|空调|热水器|洗衣机|微波炉|冰箱|床|沙发|衣柜|暖气|宽带网|可做饭|阳台|独立卫生间
蛋壳公寓,fang_2248662,42.31,0.8,1417,14,中,1750,合租,押零付三,南,次,1,23,1979,1,3,17,1,20,20,9,20,20,20,20,20,20,175,61,22,71,2018/1/6 18:00,精,海淀,安宁庄,电视|空调|热水器|洗衣机|冰箱|床|沙发|衣柜|暖气|宽带网|可做饭|阳台
蛋壳公寓,fang_2248713,45.6,0.8,900,14,中,1990,合租,"押零付半年                 ",东,主,1,24,1988,1,2,22,1,20,13,4,20,17,20,20,20,20,58,86,73,41,2018/1/6 23:00,中,海淀,大钟寺,电视|空调|热水器|洗衣机|冰箱|床|沙发|衣柜|暖气|宽带网|可做饭|阳台|独立卫生间
中金地产,fang_1942445,40.99,0.8,108,1,高,5700,整租,半年付不押,南北,,1,10,2000,1,2,77,1,20,8,,20,13,20,20,13,20,52,95,142,34,2018/1/7 4:00,中,海淀,马连洼,电视|空调|热水器|洗衣机|冰箱|床|沙发|衣柜|暖气|宽带网|可做饭|阳台|独立卫生间
,,50.65,0.8,853,17,中,4700,整租,押零付二,南,,0,28,1957,1,2,67,1,20,,2,,,,20,,20,70,96,36,9,2018/1/7 9:00,豪,海淀,清河,电视|空调|热水器|洗衣机|冰箱|床|沙发|衣柜|暖气|宽带网|可做饭|阳台|独立卫生间
我爱我家,fang_2138329,36.53,0.8,305,5,低,7000,整租,押零付半年,南北,,1,9,2004,1,2,80,1,20,20,8,20,20,20,20,20,20,134,63,61,72,2018/1/7 14:00,中,海淀,定慧寺,空调|热水器|床|衣柜|暖气|宽带网|可做饭|阳台|独立卫生间
我爱我家,fang_2226944,30.52,0.86,1844,31,中,5500,整租,,南,,1,6,2001,1,1,48,1,20,20,8,20,17,20,20,20,20,146,25,81,74,2018/1/7 19:00,中,海淀,北太平庄,空调|冰箱|暖气|可做饭|独立卫生间
铭杰易城,fang_2146206,35.42,0.96,388,7,低,1500,合租,押一付年,南,次,1,23,2004,1,1,19,1,20,20,,20,20,20,20,20,20,110,112,58,60,2018/1/8 0:00,精,海淀,清河,电视|空调|热水器|洗衣机|冰箱|床|沙发|衣柜|暖气|宽带网|可做饭|阳台|独立卫生间
北京链家房地产经纪有限公司,fang_2138862,30.63,0.96,2065,26,中,2860,合租,押零付六,南,主,1,6,2004,1,3,14,1,20,20,7,20,20,20,20,20,20,95,182,102,44,2018/1/8 5:00,中,海淀,上地,
京诚友家,fang_717527,52.76,0.98,569,9,中,12000,整租,押一付六,东南,,1,29,1985,2,3,189,2,20,10,1,20,16,20,20,17,20,77,91,71,74,2018/1/8 10:00,精,海淀,公主坟,电视|空调|热水器|洗衣机|微波炉|冰箱|床|沙发|衣柜|暖气|宽带网|可做饭|阳台|独立卫生间
三品地产,fang_2242102,30.86,1,238,4,,11000,整租,(押二付一),南北,,1,5,1985,2,3,,1,20,12,5,20,20,20,20,20,20,92,85,59,27,2018/1/8 15:00,中,海淀,北大清华,电视|空调|热水器|洗衣机|冰箱|床|沙发|衣柜|暖气|宽带网|可做饭|阳台|独立卫生间
我爱我家,fang_2226873,28.04,1,66,1,高,5500,整租,押一付半年,东西,,1,6,1990,1,1,,1,20,20,13,20,20,20,20,20,20,107,78,50,82,2018/1/8 20:00,豪,海淀,牡丹园,电视|空调|热水器|洗衣机|冰箱|床|沙发|衣柜|暖气|宽带网|可做饭|阳台|独立卫生间
我爱我家,fang_2137714,32.62,1,472,4,高,8600,整租,押零付年,南北,,1,6,1987,1,3,,1,20,20,10,20,20,20,20,20,20,94,69,145,83,2018/1/9 1:00,精,海淀,航天桥,电视|空调|热水器|洗衣机|冰箱|床|沙发|衣柜|暖气|宽带网|可做饭|阳台|独立卫生间
我爱我家,fang_408900,40.99,1,54,1,高,5800,整租,付一,南北,,1,6,1985,1,2,,1,20,20,10,20,20,20,20,20,20,138,140,37,82,2018/1/9 6:00,精,海淀,上地,电视|空调|热水器|洗衣机|冰箱|床|衣柜|暖气|宽带网|可做饭|阳台|独立卫生间
,,37.62,1,1422,11,中,2800,合租,押一付一,西南,主,0,17,1985,1,4,,1,20,20,12,20,20,20,20,20,20,113,106,46,68,2018/1/9 11:00,中,海淀,二里庄,电视|空调|热水器|洗衣机|冰箱|床|沙发|衣柜|暖气|宽带网|可做饭|阳台|独立卫生间
热租公寓,fang_2186248,44.46,1,540,8,,4000,整租,付六,南北,,1,4,1964,0,1,,1,20,20,3,20,19,20,20,20,20,51,138,39,79,2018/1/9 16:00,中,海淀,公主坟,电视|空调|热水器|洗衣机|冰箱|床|沙发|衣柜|暖气|宽带网|可做饭|阳台|独立卫生间
我爱我家,fang_2203374,22.3,1,833,7,中,5800,整租,(押二付三),南北,,1,8,2001,1,2,90,1,20,20,7,20,20,20,20,20,20,93,76,104,97,2018/1/9 21:00,中,海淀,马连洼,电视|空调|热水器|洗衣机|冰箱|床|暖气|宽带网
,,45.82,1,417,5,高,1700,合租,(押一付三),南,次,1,8,1988,1,3,26,1,20,20,3,20,20,20,20,20,20,110,99,92,19,2018/1/10 2:00,简,海淀,四季青,电视|空调|热水器|洗衣机|冰箱|床|沙发|衣柜|暖气|宽带网|可做饭|阳台|独立卫生间
,,34.5,1,594,7,中,3500,整租,(押一付三) (快速贷款),南北,,1,6,2000,1,1,55,1,20,20,15,20,20,20,20,20,20,118,57,89,84,2018/1/10 7:00,中,海淀,田村,空调|热水器|洗衣机|冰箱|床|沙发|暖气|宽带网|可做饭|独立卫生间
,,22.92,1,177,2,中,3800,整租,(押一付二),南北,,1,15,1985,1,2,80,1,20,20,6,20,20,20,20,20,20,125,108,64,63,2018/1/10 12:00,精,海淀,温泉,电视|空调|热水器|洗衣机|冰箱|床|沙发|衣柜|暖气|宽带网|可做饭|阳台|独立卫生间
蛋壳公寓,fang_2242653,19.02,1,2100,17,高,1980,合租,付四,南,主,1,26,1996,1,3,19,1,20,20,15,20,20,20,20,20,20,152,89,51,51,2018/1/10 17:00,豪,海淀,五道口,电视|空调|热水器|洗衣机|冰箱|床|沙发|衣柜|暖气|宽带网|可做饭|阳台|独立卫生间
兆龙房地产,fang_2154024,39.56,1,285,3,高,1700,合租,NULL,东,次,1,22,2013,1,3,15,1,20,20,6,20,20,20,20,20,20,132,107,64,74,2018/1/10 22:00,豪,海淀,双榆树,电视|空调|热水器|洗衣机|冰箱|床|暖气|宽带网|可做饭
北京美丽家园房地产经纪有限公司,fang_190048,21.14,1,1105,15,中,2180,整租,押二付三,南,,1,28,1985,0,1,28,0,20,19,7,20,20,20,20,20,20,162,95,53,34,2018/1/11 3:00,中,海淀,西二旗,电视|空调|热水器|洗衣机|冰箱|床|暖气
博峰地产,fang_2205578,31,1.1,144,3,高,4000,整租,付三,南,,1,6,1990,1,1,50,1,20,20,4,20,20,20,20,20,20,149,79,109,55,2018/1/11 8:00,豪,海淀,上地,电视|空调|热水器|洗衣机|冰箱|床|沙发|衣柜|暖气|宽带网|可做饭|阳台|独立卫生间
北京嘉诚易家房地产经纪有限公司,fang_2173391,38.15,1.16,1145,9,低,2100,合租,月付,南,主,1,6,1996,1,3,24,1,20,11,6,20,20,20,20,20,20,92,92,70,41,2018/1/11 13:00,精,海淀,清河,电视|空调|热水器|洗衣机|冰箱|床|暖气|宽带网
我爱我家,fang_2227171,20.46,1.2,445,7,中,9000,整租,半年付,南,,1,20,1990,1,1,85,1,20,20,11,20,20,20,20,20,20,210,156,75,34,2018/1/11 18:00,中,海淀,马甸,电视|空调|热水器|洗衣机|冰箱|床|沙发|衣柜|暖气|宽带网|可做饭|阳台|独立卫生间
,,37.08,1.2,132,2,高,15000,整租,其他,东南,,1,20,1998,2,3,136,2,20,17,,20,20,20,20,20,20,125,126,52,35,2018/1/11 23:00,精,海淀,北大清华,床
亿成房地产,fang_577742,15.31,1.2,120,2,高,4500,整租,押三付半年,南北,,1,6,1995,1,2,79,1,20,20,14,20,20,20,20,20,20,115,127,62,75,2018/1/12 4:00,中,海淀,马连洼,电视|空调|热水器|洗衣机|冰箱|床|沙发|衣柜|暖气|宽带网|可做饭|阳台|独立卫生间
,,17.5,1.3,156,2,高,6850,整租,押零付一年,南北,,1,16,1999,1,2,73,1,20,20,17,20,20,20,20,20,20,66,116,62,63,2018/1/12 9:00,中,海淀,四季青,电视|空调|热水器|洗衣机|冰箱|床|暖气|宽带网
我爱我家,fang_1472389,39.22,1.38,416,3,中,5800,整租,,南北,,1,6,1998,1,2,86,1,20,20,9,20,20,20,20,20,20,94,52,56,98,2018/1/12 14:00,精,海淀,上地,电视|空调|热水器|洗衣机|冰箱|床|沙发|衣柜|暖气|宽带网|可做饭|阳台|独立卫生间
中天置地,fang_1919711,13.18,1.5,60,1,高,2550,合租,押一付一年,南,主,1,17,1981,0,0,23,0,20,20,12,20,20,20,20,20,20,83,79,89,49,2018/1/12 19:00,中,海淀,北太平庄,
,,30.73,1.5,595,5,中,4800,整租,年付,东南,,0,6,1990,1,1,62,1,20,20,6,20,20,20,20,20,20,75,128,79,100,2018/1/13 0:00,中,海淀,定慧寺,电视|空调|热水器|洗衣机|冰箱|床|沙发|衣柜|暖气|宽带网|可做饭|阳台|独立卫生间
,,37.11,1.5,108,1,中,2100,整租,押一付十一,北,,0,6,1984,2,2,14,1,20,4,,15,11,20,20,18,12,80,68,50,63,2018/1/13 5:00,精,海淀,定慧寺,床
蛋壳公寓,fang_2248659,32.79,1.5,364,1,中,1800,合租,押二付六,南,主,1,22,1981,1,3,18,1,20,20,13,20,20,20,20,20,20,60,151,53,70,2018/1/13 10:00,中,海淀,公主坟,电视|空调|热水器|洗衣机|冰箱|床|沙发|衣柜|暖气|宽带网|可做饭|阳台|独立卫生间
中润置家,fang_2246868,69.51,1.5,484,6,中,800,合租,,南,次,1,12,1977,1,3,13,1,20,20,12,20,20,20,20,20,20,135,61,38,63,2018/1/13 15:00,豪,海淀,公主坟,电视|空调|热水器|洗衣机|微波炉|冰箱|床|沙发|衣柜|暖气|宽带网|可做饭|阳台|独立卫生间
我爱我家,fang_2136522,36.2,1.5,451,6,中,4100,整租,(押一付年),南,,1,16,1981,1,1,50,1,20,20,6,20,17,20,20,20,20,103,88,95,38,2018/1/13 20:00,中,海淀,定慧寺,电视|空调|热水器|洗衣机|冰箱|床|沙发|衣柜|暖气|宽带网|可做饭|阳台|独立卫生间
,,24.15,1.58,761,4,高,6800,整租,押零付一,东西,,1,6,2004,1,2,62,1,20,20,3,20,20,20,20,20,20,155,91,35,59,2018/1/14 1:00,中,海淀,北太平庄,电视|空调|热水器|洗衣机|冰箱|床|沙发|衣柜|暖气|宽带网|可做饭|阳台|独立卫生间
链家地产,fang_2122070,19.52,1.6,550,2,低,8500,整租,付十二,西,,1,14,2001,1,1,58,1,20,20,2,20,20,20,20,20,20,92,73,67,73,2018/1/14 6:00,精,海淀,甘家口,电视|空调|热水器|洗衣机|冰箱|床|暖气|宽带网
纳什空间,fang_2221645,24.98,1.6,251,2,高,12500,整租,押一付二,东南,,1,22,2000,1,3,180,1,20,20,4,20,20,20,20,20,20,66,130,82,33,2018/1/14 11:00,中,海淀,五棵松,电视|空调|热水器|洗衣机|冰箱|床|暖气|宽带网
,,37.59,1.6,690,3,低,1050,整租,押一付半年peizhi[],南北,,0,15,2006,1,1,41,1,20,20,3,20,20,20,20,20,20,143,110,25,30,2018/1/14 16:00,豪,海淀,军博,电视|空调|热水器|洗衣机|冰箱|床|沙发|衣柜|暖气|宽带网|可做饭|阳台
中润置家,fang_2233722,20.42,1.6,572,4,低,3999,合租,押3付4,南,次,1,12,1999,1,1,18,1,20,20,3,20,14,20,20,20,20,195,108,24,99,2018/1/14 21:00,豪,海淀,西北旺,电视|空调|热水器|洗衣机|微波炉|冰箱|床|沙发|衣柜|暖气|宽带网|可做饭
亿成房地产,fang_1300910,45.27,1.65,1426,4,中,4000,整租,押二付半年,南北,,1,6,2004,1,1,58,1,,5,,,,,,,4,1,3,,5,2018/1/15 2:00,中,海淀,马连洼,
链家地产,fang_2228217,12.07,1.68,4694,54,高,8500,整租,(押一付三 - 租房贷),西,,1,20,2007,1,1,77,1,20,20,9,20,20,20,20,20,20,118,70,111,84,2018/1/15 7:00,中,海淀,苏州街,电视|空调|热水器|洗衣机|冰箱|床|沙发|衣柜|暖气|宽带网|可做饭|阳台|独立卫生间
,,32.34,1.69,204,2,高,11000,整租,押三付二,南北,,1,30,2006,2,3,138,2,20,14,7,20,19,20,20,20,20,71,90,70,31,2018/1/15 12:00,中,海淀,五道口,电视|空调|热水器|洗衣机|冰箱|床|暖气|宽带网
我爱我家,fang_2226862,36.28,1.75,480,2,,7200,整租,押二付四,南,,1,5,2004,1,2,75,1,20,20,9,20,20,20,20,20,20,92,83,77,82,2018/1/15 17:00,中,海淀,五道口,电视|空调|热水器|洗衣机|冰箱|床|沙发|衣柜|暖气|宽带网|可做饭|阳台|独立卫生间
阳光乐居,fang_2226414,35.25,1.76,745,3,低,2800,合租,面议,南,主,1,18,2005,1,3,18,1,20,19,6,20,20,20,20,20,20,113,62,66,106,2018/1/15 22:00,精,海淀,车道沟,电视|空调|热水器|洗衣机|冰箱|床|暖气|宽带网
,,24.11,1.78,264,1,,3800,整租,付二,南北,,0,4,2005,1,2,56,1,20,20,13,20,20,20,20,20,20,119,84,85,71,2018/1/16 3:00,精,海淀,西三旗,电视|空调|热水器|洗衣机|微波炉|冰箱|床|沙发|衣柜|暖气|宽带网|可做饭|阳台|独立卫生间
我爱我家,fang_2120634,34.95,1.8,396,2,低,4700,整租,年付不押,南北,,1,6,2002,1,2,65,1,20,20,9,20,20,20,20,20,20,91,119,99,100,2018/1/16 8:00,精,海淀,上地,
,,43.94,1.8,1165,9,高,1700,合租,不限,北,次,0,6,2010,0,1,16,1,20,20,9,20,20,20,20,20,20,151,135,58,49,2018/1/16 13:00,简,海淀,清河,电视|空调|热水器|洗衣机|冰箱|床|沙发|衣柜|暖气|宽带网|可做饭|阳台|独立卫生间
华程,fang_1873796,25.81,1.8,277,1,中,2200,合租,押三付六,北,次,1,16,2005,1,3,15,1,20,20,13,20,20,20,20,20,20,122,45,91,57,2018/1/16 18:00,中,海淀,定慧寺,电视|空调|热水器|洗衣机|微波炉|冰箱|床|沙发|衣柜|暖气|宽带网|可做饭|阳台|独立卫生间
我爱我家,fang_2227279,25.64,1.8,929,13,中,12000,整租,(押一付三 ),南,,1,21,1980,1,2,120,1,20,9,,20,6,20,20,17,20,98,74,28,15,2018/1/16 23:00,中,海淀,万柳,电视|空调|热水器|洗衣机|冰箱|床|沙发|衣柜|暖气|宽带网|可做饭|阳台|独立卫生间
,,31.23,1.84,1152,6,低,6600,整租,可支持分期月付,,,0,10,2005,2,2,79,1,20,20,17,20,20,20,20,20,20,113,105,36,81,2018/1/17 4:00,精,海淀,马连洼,电视|空调|热水器|洗衣机|冰箱|床|沙发|衣柜|暖气|宽带网|可做饭|阳台
链家地产,fang_2238499,55.77,1.88,128,1,低,7000,整租,押二付一,东南,,1,28,1999,1,2,99,1,20,20,16,20,20,20,20,20,20,94,79,65,73,2018/1/17 9:00,中,海淀,公主坟,
,,17.29,1.88,1834,20,中,1500,整租,押零付十二,南北,,0,17,2009,1,1,45,1,20,20,5,20,20,20,20,20,20,104,138,41,34,2018/1/17 14:00,中,海淀,清河,床
居顺康,fang_2199253,23.46,1.9,956,9,中,15000,整租,付五,西南,,1,20,2010,1,3,150,1,20,9,6,20,20,20,20,20,20,80,79,94,38,2018/1/17 19:00,中,海淀,北大清华,电视|空调|热水器|洗衣机|冰箱|床|暖气|宽带网
我爱我家,fang_1757365,24.53,1.98,932,23,高,4900,整租,押二付年,南,,1,16,2010,1,1,52,1,20,20,6,20,20,20,20,20,20,106,71,86,66,2018/1/18 0:00,精,海淀,定慧寺,电视|空调|热水器|洗衣机|冰箱|床|暖气|宽带网
我爱我家,fang_2210603,18.7,1.98,1416,7,中,4500,整租,押0付11,南北,,1,6,2001,1,2,75,1,20,20,5,20,20,20,20,20,20,70,86,81,63,2018/1/18 5:00,简,海淀,军博,电视|空调|热水器|洗衣机|冰箱|床|沙发|衣柜|暖气|宽带网|可做饭|阳台|独立卫生间
蛋壳公寓,fang_2248642,60.62,1.98,1196,4,中,1700,合租,"(押一付一) 分期付,0压力 月供:436 元 利息:36 我要申请",南,主,1,28,2002,1,3,21,1,20,18,6,20,18,20,20,20,20,156,80,36,43,2018/1/18 10:00,中,海淀,五道口,电视|空调|热水器|洗衣机|冰箱|床|沙发|衣柜|暖气|宽带网|可做饭|阳台|独立卫生间
亿成房地产,fang_2179487,44.95,2,112,1,中,3900,整租,(押一付半年),南,,1,6,1989,0,1,50,1,20,20,8,20,20,20,20,20,20,107,61,56,70,2018/1/18 15:00,中,海淀,马连洼,电视|空调|热水器|洗衣机|微波炉|冰箱|床|沙发|衣柜|暖气|宽带网|可做饭|阳台|独立卫生间
永晟,fang_1734457,26.58,2,264,1,中,5500,整租,押三付十二,南北,,1,6,2002,1,2,65,1,20,20,9,20,20,20,20,20,20,160,129,55,59,2018/1/18 20:00,精,海淀,五棵松,电视|空调|热水器|洗衣机|冰箱|床|暖气|宽带网
,,18.32,2.08,602,2,,1600,合租,付八,,次,0,4,2002,1,3,10,1,20,20,,20,20,20,20,20,20,78,84,34,57,2018/1/19 1:00,中,海淀,甘家口,可做饭|阳台|独立卫生间
我爱我家,fang_2169910,34.74,2.1,1402,10,高,5200,整租,(押一付一),南,,1,6,2003,1,1,45,1,20,20,8,20,20,20,20,20,20,109,70,82,67,2018/1/19 6:00,中,海淀,马甸,电视|空调|热水器|洗衣机|冰箱|床|沙发|衣柜|暖气|宽带网|可做饭|阳台|独立卫生间
爱屋吉屋,fang_2183454,23.24,2.12,886,11,高,4800,整租,押2付5,南北,,1,16,2010,2,2,89,1,20,20,13,20,20,20,20,20,20,98,60,49,93,2018/1/19 11:00,中,海淀,西三旗,床
永晟,fang_1781889,40.9,2.15,1881,1,低,4000,整租,押三付三,南,,1,6,2009,1,1,45,1,20,20,3,20,20,20,20,20,20,119,66,98,52,2018/1/19 16:00,精,海淀,五棵松,可做饭|阳台|独立卫生间
,,32.61,2.16,1319,17,低,1100,合租,押一年付,东,次,1,15,2010,1,3,13,1,20,20,2,20,20,20,20,20,20,113,91,57,59,2018/1/19 21:00,中,海淀,四季青,热水器|洗衣机|冰箱|床|沙发|衣柜|宽带网|可做饭
鹏基伟业房地产,fang_757260,29.01,2.2,594,4,中,1800,合租,押三付年,南,主,1,6,,1,2,18,1,20,20,4,20,20,20,20,20,20,107,76,58,20,2018/1/20 2:00,中,海淀,定慧寺,电视|空调|热水器|洗衣机|冰箱|床|沙发|衣柜|暖气|宽带网|可做饭|阳台|独立卫生间
,,24.95,2.2,1307,6,,10500,整租,季付,南北,,1,5,2012,1,3,85,1,20,17,6,20,12,20,20,20,20,73,77,39,54,2018/1/20 7:00,简,海淀,北大清华,热水器|洗衣机|冰箱|床|衣柜|宽带网|可做饭
北清易家,fang_2186983,18.29,2.36,491,5,中,7000,整租,押三付一,南北,,1,6,2006,1,2,60,1,20,20,18,20,20,20,20,20,20,83,104,88,82,2018/1/20 12:00,中,海淀,北大清华,电视|空调|热水器|洗衣机|冰箱|床|沙发|衣柜|暖气|宽带网|可做饭|阳台|独立卫生间
蛋壳公寓,fang_2182787,30.41,2.36,1399,19,低,2050,整租,押一付三,东南,,1,17,2004,1,3,27,1,20,20,8,20,20,20,20,20,20,146,123,74,48,2018/1/20 17:00,精,海淀,上地,
我爱我家,fang_1842407,18.68,2.4,640,6,低,6000,整租,(押二付一) (快速贷款),南,,1,24,2014,1,2,65,1,20,13,,20,20,20,20,10,20,41,55,79,52,2018/1/20 22:00,精,海淀,马甸,可做饭|阳台|独立卫生间
,,50.16,2.48,1008,5,低,3500,合租,付十一,南,主,0,6,1999,1,2,30,1,20,20,7,20,20,20,20,20,20,80,83,32,99,2018/1/21 3:00,豪,海淀,马连洼,电视|空调|热水器|洗衣机|冰箱|床|沙发|衣柜|暖气|宽带网|可做饭|阳台|独立卫生间
链家地产,fang_407154,35.85,2.5,490,1,高,4500,整租,押二付二,南,,1,12,2000,0,1,54,1,20,20,13,20,20,20,20,20,20,123,78,45,63,2018/1/21 8:00,中,海淀,安宁庄,电视|空调|热水器|洗衣机|冰箱|床|暖气|宽带网
我爱我家,fang_1431980,24.62,2.5,781,5,低,9000,整租,无押付半年,南北,,1,6,1982,2,4,135,1,20,20,7,20,20,20,20,20,20,123,129,89,38,2018/1/21 13:00,中,海淀,上地,电视|空调|热水器|洗衣机|冰箱|床|沙发|衣柜|暖气|宽带网|可做饭|阳台|独立卫生间
我爱我家,fang_1143262,7.56,2.52,1346,9,低,5000,整租,付七,南,,1,6,2004,1,2,70,1,20,20,4,20,19,20,20,20,20,117,103,46,63,2018/1/21 18:00,精,海淀,航天桥,电视|空调|热水器|洗衣机|冰箱|床|沙发|衣柜|暖气|宽带网|可做饭|阳台|独立卫生间
鹏基伟业房地产,fang_2185109,30.17,2.52,741,6,中,999,合租,押二付十二,南,次,1,6,2001,1,3,15,1,20,20,14,20,20,20,20,20,20,85,60,92,72,2018/1/21 23:00,中,海淀,上地,电视|空调|热水器|洗衣机|冰箱|床|沙发|衣柜|暖气|宽带网|可做饭|阳台|独立卫生间
,,28.39,2.6,518,5,低,1200,整租,押一付四,东,,0,15,2008,1,1,50,5,20,20,10,20,20,20,20,20,20,104,99,68,73,2018/1/22 4:00,精,海淀,北太平庄,电视|空调|热水器|洗衣机|冰箱|床|沙发|衣柜|暖气|宽带网|可做饭|阳台
,,20.18,2.7346,220,1,低,1375,合租,(押一付一) (快速贷款),,主,0,14,2000,1,2,20,1,20,5,,20,8,20,20,20,17,126,35,10,24,2018/1/22 9:00,精,海淀,明光桥,电视|空调|热水器|洗衣机|冰箱|床|暖气|宽带网
我爱我家,fang_482693,24.2,2.75,153,2,中,5000,整租,押一付十二,南,,1,6,1998,1,2,70,1,20,20,8,20,20,20,20,20,20,121,90,77,101,2018/1/22 14:00,豪,海淀,航天桥,电视|空调|热水器|洗衣机|微波炉|冰箱|床|沙发|衣柜|暖气|宽带网|可做饭|阳台|独立卫生间
我爱我家,fang_1432779,32.97,2.77,738,6,中,4200,整租,"(押一付三 - 租房贷) 分期付,0压力 月供:835.67 元 利息:69 我要申请",南北,,1,18,1998,1,2,87,1,20,20,2,20,20,20,20,20,20,136,73,31,51,2018/1/22 19:00,中,海淀,上地,电视|空调|热水器|洗衣机|冰箱|床|沙发|衣柜|暖气|宽带网|可做饭|阳台|独立卫生间
蛋壳公寓,fang_2248678,23.3,2.8,204,1,中,1860,合租,押零付三,南,主,1,26,2004,1,3,19,1,20,17,2,20,10,20,20,20,20,64,77,76,11,2018/1/23 0:00,简,海淀,马连洼,床
,,34.19,2.8,752,3,高,3500,整租,"押零付半年                 ",南,,1,18,2005,1,1,43,1,20,20,11,20,,20,20,20,20,95,56,84,119,2018/1/23 5:00,精,海淀,二里庄,电视|空调|热水器|洗衣机|冰箱|床|沙发|衣柜|暖气|宽带网|可做饭|阳台
中润置家,fang_2240023,33.4,2.83,556,7,中,1500,合租,半年付不押,南,主,1,6,2004,1,3,20,1,20,20,18,20,20,20,20,20,20,118,122,41,76,2018/1/23 10:00,精,海淀,马连洼,电视|空调|热水器|洗衣机|冰箱|床|沙发|衣柜|暖气|宽带网|可做饭|阳台|独立卫生间
,,25.03,2.9,480,1,低,6590,整租,押零付二,南北,,1,6,2006,1,2,72,1,20,20,8,20,20,20,20,20,20,102,61,67,75,2018/1/23 15:00,精,海淀,人民大学,阳台
,,25.71,2.98,614,6,中,1900,合租,押零付半年,南北,隔断,1,6,2000,1,2,20,1,20,10,1,20,19,20,20,20,20,16,109,124,25,2018/1/23 20:00,简,海淀,马甸,空调|热水器|洗衣机|冰箱|床|衣柜|暖气|宽带网|可做饭|阳台|独立卫生间
我爱我家,fang_1762082,22.9,3,88,2,中,6100,整租,押三付六,南,,1,6,1992,1,2,65,1,20,20,5,20,15,20,20,20,20,81,53,53,77,2018/1/24 1:00,中,海淀,二里庄,电视|空调|热水器|洗衣机|冰箱|床|沙发|衣柜|暖气|宽带网|可做饭|阳台|独立卫生间
,,16.04,3.2,276,2,,2200,整租,(押一付三 ),南北,,0,3,1998,1,1,32,1,20,20,13,20,20,20,20,20,20,96,100,56,79,2018/1/24 6:00,中,海淀,人民大学,电视|空调|热水器|洗衣机|冰箱|床|沙发|衣柜|暖气|宽带网|可做饭|阳台|独立卫生间
百分百房地产,fang_2180604,8.18,3.46,496,4,高,5500,整租,可支持分期月付,南北,,1,12,2015,1,2,86,1,20,20,,20,20,20,20,20,20,105,109,62,43,2018/1/24 11:00,精,海淀,五棵松,床
都市易家,fang_2189423,51.46,3.5,1985,7,中,2100,合租,押二付一,南,主,1,6,2007,1,4,23,1,20,20,12,20,20,20,20,20,20,116,62,52,78,2018/1/24 16:00,,海淀,马连洼,
,,19.99,3.58,63,1,高,4600,整租,押零付十二,南北,,0,6,1994,1,1,45,1,20,20,12,20,20,20,20,20,20,134,70,44,42,2018/1/24 21:00,中,海淀,上地,电视|空调|热水器|洗衣机|微波炉|冰箱|床|沙发|衣柜|暖气|宽带网|可做饭|独立卫生间
我爱我家,fang_2017028,21.45,3.6,1150,4,中,12500,整租,付五,东南,,1,12,2013,2,3,131,2,20,8,,20,16,20,20,20,8,33,50,63,33,2018/1/25 2:00,精,海淀,航天桥,电视|空调|热水器|洗衣机|冰箱|床|沙发|衣柜|暖气|宽带网|可做饭|阳台|独立卫生间
中润置家,fang_2245566,8.56,3.6,58,30,中,1500,合租,押二付年,南,主,1,6,2003,1,3,20,1,20,20,13,20,20,20,20,20,20,126,72,42,64,2018/1/25 7:00,精,海淀,马连洼,电视|空调|热水器|洗衣机|冰箱|床|沙发|衣柜|暖气|宽带网|可做饭|阳台|独立卫生间
我爱我家,fang_2017725,0,3.6,472,6,高,6800,整租,押0付11,南北,,1,12,2002,1,2,70,1,20,20,10,20,20,20,20,20,20,129,113,37,78,2018/1/25 12:00,中,海淀,甘家口,电视|空调|热水器|洗衣机|微波炉|冰箱|床|沙发|衣柜|暖气|宽带网|可做饭|阳台|独立卫生间
鹏基伟业房地产,fang_2185110,24.75,3.68,220,1,中,2300,合租,"(押一付一) 分期付,0压力 月供:436 元 利息:36 我要申请",南,主,1,19,1999,1,3,25,1,20,20,14,20,20,20,20,20,20,61,81,91,91,2018/1/25 17:00,精,海淀,北太平庄,电视|空调|热水器|洗衣机|微波炉|冰箱|床|沙发|衣柜|暖气|宽带网|可做饭|阳台|独立卫生间
亿成房地产,fang_1300910,31.53,4.6,330,18,中,4000,整租,(押一付半年),南北,,1,6,2008,1,1,58,1,20,20,12,20,20,20,20,20,20,113,54,82,39,2018/1/25 22:00,精,海淀,马连洼,电视|空调|热水器|洗衣机|冰箱|床|沙发|衣柜|暖气|宽带网|可做饭|阳台|独立卫生间
,,14.22,4.68,599,13,高,7000,整租,押三付十二,南北,,0,6,2015,1,2,65,1,20,11,,20,20,20,20,14,20,165,121,26,22,2018/1/26 3:00,精,海淀,厂洼,电视|空调|热水器|洗衣机|冰箱|床|沙发|衣柜|暖气|宽带网|可做饭|阳台|独立卫生间
,,23.37,4.8,666,2,低,1500,整租,付八,南,,0,6,2010,1,1,20,1,20,20,13,20,20,20,20,20,20,52,174,98,104,2018/1/26 8:00,中,海淀,车道沟,电视|空调|热水器|洗衣机|冰箱|床|沙发|衣柜|暖气|宽带网|可做饭|阳台|独立卫生间
中润置家,fang_2234991,0,4.85,491,6,中,1500,合租,(押一付一),南,主,1,10,2012,1,3,25,1,20,20,5,20,20,20,20,20,20,103,130,46,40,2018/1/26 13:00,中,海淀,马连洼,电视|空调|热水器|洗衣机|冰箱|床|沙发|衣柜|暖气|宽带网|可做饭|阳台|独立卫生间
链家地产,fang_2228257,24.62,4.9,444,3,低,6060,整租,押2付5,北,,1,16,1995,0,1,51,1,20,20,17,20,20,20,20,20,20,102,98,66,50,2018/1/26 18:00,豪,海淀,万柳,电视|空调|热水器|洗衣机|冰箱|床|沙发|衣柜|暖气|宽带网|可做饭|阳台|独立卫生间
鹏基伟业房地产,fang_2180976,4.57,5,646,2,低,2500,合租,押三付三,南北,主,1,22,2003,1,3,32,1,20,20,2,20,20,20,20,20,20,80,89,71,58,2018/1/26 23:00,精,海淀,清河,热水器|洗衣机|床|衣柜|暖气|宽带网
佳程美锦,fang_1837311,15.59,5,696,1,中,4000,整租,押一年付,南,,1,17,2004,1,1,50,1,20,20,12,20,20,20,20,20,20,143,92,90,111,2018/1/27 4:00,精,海淀,车道沟,电视|空调|热水器|洗衣机|冰箱|床|沙发|衣柜|暖气|宽带网|可做饭|阳台|独立卫生间
,,14.77,5,460,7,低,1000,合租,押三付年,南,主,0,12,2015,2,2,15,2,20,20,5,20,20,20,20,20,20,101,88,39,62,2018/1/27 9:00,精,海淀,清河,电视|空调|热水器|洗衣机|冰箱|床|沙发|衣柜|暖气|宽带网|可做饭|阳台|独立卫生间
,,15.87,5,223,2,低,7800,整租,季付,东,,1,24,2000,1,3,78,1,20,20,13,20,20,20,20,20,20,117,57,55,74,2018/1/27 14:00,精,海淀,公主坟,电视|空调|热水器|洗衣机|冰箱|床|沙发|衣柜|暖气|宽带网|可做饭|阳台|独立卫生间
链家地产,fang_2207164,11.62,5.3,184,69,高,6500,整租,押三付一,南,,1,20,2008,1,2,65,1,20,20,11,20,20,20,20,20,20,94,73,40,85,2018/1/27 19:00,中,海淀,马甸,空调|热水器|洗衣机|微波炉|冰箱|床|沙发|衣柜|暖气|宽带网|独立卫生间
链家地产,fang_2215884,29.8,5.5,730,2,低,6200,整租,押一付三,东北,,1,16,2005,1,2,55,1,20,20,8,20,17,20,20,20,20,108,84,60,90,2018/1/28 0:00,精,海淀,航天桥,电视|空调|热水器|洗衣机|微波炉|冰箱|床|沙发|衣柜|暖气|宽带网|可做饭|阳台|独立卫生间
我爱我家,fang_1643202,8.33,5.8,289,2,高,6100,整租,(押二付一) (快速贷款),南北,,1,6,2010,1,2,64,1,20,20,4,20,20,20,20,20,20,101,85,65,68,2018/1/28 5:00,简,海淀,牡丹园,电视|空调|冰箱|床|沙发|衣柜|暖气|可做饭|阳台
中润置家,fang_2233723,13.32,5.8,697,4,中,1300,合租,付十一,南,次,1,15,2001,1,2,20,1,20,9,4,20,12,20,20,20,20,32,50,84,43,2018/1/28 10:00,中,海淀,西北旺,电视|空调|热水器|洗衣机|冰箱|床|沙发|衣柜|暖气|宽带网|可做饭|阳台|独立卫生间
,,28.18,6.5,1234,4,中,1400,合租,押二付二,南,次,1,12,2008,1,3,16,1,20,19,3,20,20,20,20,20,20,79,73,45,79,2018/1/28 15:00,中,海淀,苏州桥,电视|空调|热水器|洗衣机|冰箱|床|沙发|衣柜|暖气|宽带网|可做饭|阳台|独立卫生间
我爱我家,fang_1880146,28.93,6.6,529,2,中,6000,整租,无押付半年,南,,1,6,2010,1,2,65,1,20,20,4,20,20,20,20,20,20,121,105,67,52,2018/1/28 20:00,精,海淀,北太平庄,电视|空调|热水器|洗衣机|冰箱|床|沙发|衣柜|暖气|宽带网|可做饭|阳台|独立卫生间
中天置地,fang_2229364,15.74,7,1623,13,中,2500,整租,付七,南,,1,6,1985,0,1,27,1,20,20,15,20,20,20,20,20,20,106,108,50,71,2018/1/29 1:00,中,海淀,人民大学,电视|空调|热水器|洗衣机|冰箱|床|暖气|宽带网|可做饭
我爱我家,fang_1757365,51.1,7.8,208,2,中,5600,整租,押二付十二,东西,,1,6,2009,1,2,77,1,20,20,9,20,20,20,20,20,20,142,150,62,61,2018/1/29 6:00,精,海淀,定慧寺,电视|空调|热水器|洗衣机|冰箱|床|沙发|衣柜|暖气|宽带网|可做饭|阳台|独立卫生间
我爱我家,fang_1515770,0,10.08,162,1,中,7700,整租,押一付四,东北,,1,29,,1,2,108,1,20,20,3,20,20,20,20,20,20,96,74,57,46,2018/1/29 11:00,中,海淀,公主坟,空调|热水器|床|衣柜|暖气|宽带网|可做饭|阳台|独立卫生间
我爱我家,fang_2065881,34.19,15,188,2,低,4200,整租,(押一付一) (快速贷款),东南,,1,18,,1,1,52,1,20,20,4,20,20,20,20,20,20,119,84,49,116,2018/1/29 16:00,中,海淀,北洼路,电视|空调|热水器|洗衣机|冰箱|床|沙发|衣柜|暖气|宽带网|可做饭|阳台|独立卫生间
链家地产,fang_2207164,39.33,0.2至0.85,2328,20,中,13333,整租,押一付十二,南,,1,24,1994,1,2,116,1,20,20,5,20,20,20,20,20,20,122,131,30,48,2018/1/29 21:00,中,海淀,二里庄,电视|空调|热水器|洗衣机|微波炉|冰箱|床|暖气|宽带网
鹏基伟业房地产,fang_2011858,31.04,0.4至0.61,330,6,中,1500,合租,"(押一付三 - 租房贷) 分期付,0压力 月供:835.67 元 利息:69 我要申请",南,次,1,20,1998,1,2,18,1,20,20,9,20,20,20,20,20,20,109,112,43,53,2018/1/30 2:00,精,海淀,清河,电视|空调|热水器|洗衣机|冰箱|床|沙发|衣柜|暖气|宽带网|可做饭|阳台|独立卫生间
福兴置地,fang_2212612,31.67,0.55至1.78,750,20,低,1800,合租,押零付三,南,主,1,6,1993,1,3,20,1,20,20,2,20,20,20,20,20,20,107,67,76,60,2018/1/30 7:00,中,海淀,马连洼,电视|空调|热水器|洗衣机|冰箱|床|沙发|衣柜|暖气|可做饭|阳台|独立卫生间
信恒基业,fang_1417039,48.53,0.56至2.43,1439,17,低,1300,合租,"押零付半年                 ",东,次,1,6,1980,1,3,15,1,20,1,,8,4,20,20,7,9,35,30,25,49,2018/1/30 12:00,精,海淀,花园桥,
,,22.17,0.58至1,234,6,中,1550,合租,半年付不押,南,次,1,6,1994,1,3,18,1,20,20,10,20,20,20,20,20,20,112,100,78,22,2018/1/30 17:00,中,海淀,上地,电视|空调|热水器|洗衣机|冰箱|床|沙发|衣柜|暖气|宽带网|可做饭|阳台|独立卫生间
我爱我家,fang_1757365,7.37,0.58至1.2,1146,17,中,5000,整租,押零付二,东,,1,17,1970,1,1,55,1,20,20,3,20,20,20,20,20,20,97,106,39,56,2018/1/30 22:00,精,海淀,定慧寺,电视|空调|热水器|洗衣机|冰箱|床|暖气|宽带网
我爱我家,fang_1920687,13.64,0.5至0.7,895,24,高,2400,合租,押零付半年,西,次,1,6,1975,1,3,18,1,20,20,5,20,20,20,20,20,20,103,143,33,48,2018/1/31 3:00,中,海淀,五道口,电视|空调|热水器|洗衣机|冰箱|床|沙发|衣柜|暖气|宽带网|可做饭|阳台|独立卫生间
麦田房产,fang_2245828,60.07,0.5至0.8,270,2,中,11000,整租,,东南,,1,19,1998,2,2,126,2,20,20,18,20,20,20,20,20,20,112,72,40,90,2018/1/31 8:00,中,海淀,世纪城,
,,38,0.5至1.36,1237,8,高,1500,合租,押一付年,西,次,0,10,2006,1,2,18,1,20,20,13,20,20,20,20,20,20,123,82,31,77,2018/1/31 13:00,简,海淀,清河,电视|空调|热水器|洗衣机|冰箱|床|沙发|衣柜|暖气|宽带网|可做饭|阳台|独立卫生间
我爱我家,fang_1432079,21.54,0.5至1.46,797,9,中,5500,整租,押零付六,南北,,1,6,1983,1,2,65,1,20,20,8,20,20,20,20,20,20,109,96,114,61,2018/1/31 18:00,豪,海淀,牡丹园,电视|空调|热水器|洗衣机|冰箱|床|沙发|衣柜|暖气|宽带网|可做饭|阳台|独立卫生间
中恒地产,fang_49596,22.7,0.5至1.7,2869,23,高,5200,整租,押一付六,东,,1,18,1982,1,1,58,1,20,20,13,20,20,20,20,20,20,73,107,77,92,2018/1/31 23:00,精,海淀,苏州街,电视|空调|热水器|洗衣机|冰箱|床|暖气|宽带网
,,63.79,0.5至2.01,392,8,中,8000,整租,(押二付一),南北,,1,16,1983,2,3,135,2,20,15,9,20,19,20,20,20,20,66,40,84,59,2018/2/1 4:00,中,海淀,西二旗,电视|空调|热水器|洗衣机|冰箱|床|沙发|衣柜|暖气|宽带网|可做饭|阳台|独立卫生间
我爱我家,fang_2227271,49.34,0.5至2.08,678,10,中,6000,整租,押一付半年,南,,1,18,1991,1,1,60,1,20,20,5,20,20,20,20,20,20,100,79,71,48,2018/2/1 9:00,中,海淀,北太平庄,电视|空调|热水器|洗衣机|冰箱|床|沙发|衣柜|暖气|宽带网|可做饭
中润置家,fang_2233820,66.53,0.5至2.1,167,2,中,2300,整租,押零付年,南,,1,16,1990,1,3,20,1,20,20,6,20,20,20,20,20,20,158,107,106,48,2018/2/1 14:00,精,海淀,四季青,电视|空调|热水器|洗衣机|微波炉|冰箱|床|沙发|衣柜|暖气|宽带网|可做饭|阳台|独立卫生间
,,13.97,0.5至2.58,2040,20,高,5600,整租,付一,南北,,1,6,1990,1,2,60,1,20,20,3,20,20,20,20,20,20,162,100,40,21,2018/2/1 19:00,精,海淀,定慧寺,电视|空调|热水器|洗衣机|微波炉|冰箱|床|沙发|衣柜|暖气|宽带网|可做饭|阳台|独立卫生间
我爱我家,fang_2066164,39.48,0.5至3,494,4,中,4700,整租,押一付一,东南,,1,18,2002,1,2,78,1,20,20,9,20,20,20,20,20,20,128,138,38,87,2018/2/2 0:00,中,海淀,清河,电视|空调|热水器|洗衣机|冰箱|床|沙发|阳台|独立卫生间
我爱我家,fang_2205148,41.55,0.62至1.92,2078,24,低,6900,整租,付六,西南,,1,18,1980,1,2,65,1,20,20,11,20,20,20,20,20,20,134,131,54,121,2018/2/2 5:00,中,海淀,牡丹园,空调|热水器|床|衣柜|暖气|宽带网|可做饭|独立卫生间
我爱我家,fang_2223080,39.68,0.6至0.8,295,5,中,5100,整租,(押二付三),南北,,1,6,1983,1,2,68,1,20,20,18,20,20,20,20,20,20,126,72,72,42,2018/2/2 10:00,中,海淀,车道沟,电视|空调|热水器|洗衣机|冰箱|床|沙发|衣柜|暖气|宽带网|可做饭|阳台|独立卫生间
,,23.36,0.6至1.93,966,5,中,700,整租,(押一付三),东,,0,20,1994,1,1,65,1,20,20,10,20,20,20,20,20,20,121,108,89,51,2018/2/2 15:00,精,海淀,田村,电视|空调|热水器|洗衣机|冰箱|床|暖气|宽带网|可做饭
鹏基伟业房地产,fang_2084381,24.35,0.8至1,355,5,中,1600,合租,(押一付三) (快速贷款),南,主,1,6,1963,1,3,22,1,20,8,,20,7,20,20,15,20,79,61,35,36,2018/2/2 20:00,中,海淀,上地,电视|空调|热水器|洗衣机|冰箱|床|沙发|衣柜|暖气|宽带网|可做饭|阳台|独立卫生间
博创嘉业,fang_2117305,39.9,0.8至1.5,496,5,中,1700,合租,(押一付二),南北,次,1,18,1991,1,3,18,1,20,5,1,20,10,20,20,20,10,78,42,89,23,2018/2/3 1:00,中,海淀,车道沟,床
,,32.97,0.8至1.58,212,2,高,5100,整租,付四,东南,,1,6,2003,1,2,62,1,20,17,3,20,20,20,20,20,20,72,78,77,75,2018/2/3 6:00,精,海淀,定慧寺,
我爱我家,fang_1878477,19.37,0.8至2.1,1935,22,中,4200,整租,NULL,东,,1,6,1987,1,1,45,1,20,2,3,11,6,20,20,20,10,83,74,35,32,2018/2/3 11:00,中,海淀,公主坟,电视|空调|热水器|洗衣机|冰箱|床|沙发|衣柜|暖气|宽带网|可做饭|阳台|独立卫生间
链家地产,fang_2228170,63.01,0.8至2.2,3479,56,高,10000,整租,押二付三,南北,,1,9,1950,2,3,144,2,20,20,11,20,20,20,20,20,20,123,91,41,33,2018/2/3 16:00,中,海淀,上地,电视|空调|热水器|洗衣机|冰箱|床|暖气|宽带网
我爱我家,fang_1691124,22.13,0.93至2.02,488,4,中,6500,整租,付三,南北,,1,9,2006,2,3,125,2,20,20,9,20,20,20,20,20,20,108,69,104,68,2018/2/3 21:00,精,海淀,上地,电视|空调|热水器|洗衣机|冰箱|床|沙发|衣柜|暖气|宽带网|可做饭|阳台|独立卫生间
我爱我家,fang_2138262,25.09,1.05至1.68,1454,21,低,5000,整租,月付,南,,1,6,1997,1,1,50,1,20,20,7,20,20,20,20,20,20,151,104,42,111,2018/2/4 2:00,精,海淀,牡丹园,电视|空调|热水器|洗衣机|冰箱|床|沙发|衣柜|暖气|宽带网|可做饭|阳台
我爱我家,fang_2203336,38.2,1.14至2.45,2588,9,低,3600,整租,半年付,东南,,1,6,2001,1,1,50,1,20,20,3,20,20,20,20,20,20,95,73,75,36,2018/2/4 7:00,中,海淀,清河,电视|空调|热水器|洗衣机|微波炉|冰箱|床|沙发|衣柜|暖气|宽带网|可做饭|阳台|独立卫生间
我爱我家,fang_2203374,36.57,1.18至1.6,741,3,中,5000,整租,其他,南北,,1,6,2001,1,2,70,1,20,20,4,20,20,20,20,20,20,67,90,88,89,2018/2/4 12:00,精,海淀,马连洼,电视|空调|热水器|洗衣机|冰箱|床|暖气|宽带网
北京链家房地产经纪有限公司,fang_840262,30,1.1至1.12,926,5,中,6200,整租,押三付半年,南北,,1,18,2003,1,2,94,1,20,20,5,20,20,20,20,20,20,107,144,30,46,2018/2/4 17:00,精,海淀,上地,电视|空调|热水器|洗衣机|冰箱|床|沙发|衣柜|暖气|宽带网|可做饭|阳台|独立卫生间
中润置家,fang_2233713,16.42,1.1至1.68,1036,17,中,1600,合租,押零付一年,南,主,1,6,2004,1,3,20,1,20,20,5,20,20,20,20,20,20,135,72,65,40,2018/2/4 22:00,精,海淀,魏公村,电视|空调|热水器|洗衣机|冰箱|床|沙发|衣柜|暖气|宽带网|可做饭|阳台|独立卫生间
中天置地,fang_2229380,35.63,1.1至2.5,868,7,高,2000,合租,,北,次,1,6,2003,1,3,16,1,20,16,6,20,20,20,20,20,20,88,44,86,110,2018/2/5 3:00,中,海淀,万寿路,电视|空调|热水器|洗衣机|冰箱|床|沙发|衣柜|暖气|宽带网|可做饭|阳台|独立卫生间
福牛地产,fang_2171849,24.61,1.1至2.98,2256,25,中,1300,合租,押一付一年,南,主,1,6,2004,1,3,14,1,20,20,15,20,20,20,20,20,20,111,164,46,79,2018/2/5 8:00,豪,海淀,五道口,电视|空调|热水器|洗衣机|冰箱|床|暖气|宽带网
,,21.21,1.1至5.9,379,3,,1200,整租,年付,西,,0,1,2003,1,1,16,1,20,20,4,20,20,20,20,20,20,124,93,68,55,2018/2/5 13:00,精,海淀,马连洼,电视|空调|热水器|洗衣机|微波炉|冰箱|床|沙发|衣柜|暖气|宽带网|可做饭|阳台|独立卫生间
我爱我家,fang_1920627,14.09,1.2至2.2,390,6,中,4800,整租,押三付六,南北,,1,6,1999,1,2,65,1,20,20,5,20,20,20,20,20,20,132,109,89,41,2018/2/5 18:00,精,海淀,清河,空调|热水器|床|沙发|暖气|宽带网|可做饭|独立卫生间
惠达家业,fang_2176055,38.73,1.2至2.39,3206,22,中,4200,整租,(押一付三 ),南,,1,6,1998,1,1,45,1,20,20,2,20,20,20,20,20,20,68,86,98,59,2018/2/5 23:00,豪,海淀,北大清华,电视|空调|热水器|洗衣机|冰箱|床|沙发|衣柜|暖气|宽带网|可做饭|阳台|独立卫生间
链家地产,fang_2238535,29.68,1.38至1.8,3561,18,高,13000,整租,可支持分期月付,西南,,1,16,2003,1,2,118,1,20,20,,20,20,20,20,20,20,89,83,95,43,2018/2/6 4:00,中,海淀,苏州街,电视|空调|热水器|洗衣机|冰箱|床|沙发|衣柜|暖气|宽带网|可做饭|阳台|独立卫生间
中天置地,fang_180018,23.59,1.46至3,1592,14,中,3600,整租,押二付一,南,,1,16,2002,1,1,38,1,20,20,15,20,20,20,20,20,20,150,77,64,47,2018/2/6 9:00,简,海淀,魏公村,电视|空调|热水器|洗衣机|微波炉|冰箱|床|沙发|衣柜|暖气|宽带网|可做饭|阳台|独立卫生间
三品地产,fang_2214710,14.06,1.54至2.2,1773,22,中,16900,整租,押零付十二,南北,,1,8,1997,2,3,130,2,20,20,10,20,20,20,20,20,20,141,122,36,67,2018/2/6 14:00,中,海淀,北大清华,电视|空调|热水器|洗衣机|冰箱|床|沙发|衣柜|暖气|宽带网|可做饭|阳台|独立卫生间
我爱我家,fang_2136542,26.93,1.57至4.9,1991,15,低,7500,整租,付五,南北,,1,6,1996,1,3,88,1,20,20,11,20,20,20,20,20,20,114,93,41,55,2018/2/6 19:00,中,海淀,大钟寺,空调|热水器|床|衣柜|暖气|宽带网|可做饭|独立卫生间
鹏基伟业房地产,fang_2185111,10.17,1.5至1.8,1549,11,低,800,合租,押二付年,南,次,1,6,1990,1,3,15,1,20,20,11,20,20,20,20,20,20,93,98,76,56,2018/2/7 0:00,中,海淀,清河,电视|空调|热水器|洗衣机|冰箱|床|沙发|衣柜|暖气|宽带网|可做饭|阳台
,,51.38,1.5至2.48,396,2,,3000,整租,押0付11,,,0,2,1991,0,1,18,0,20,20,15,20,20,20,20,20,20,85,83,51,89,2018/2/7 5:00,中,海淀,大钟寺,电视|空调|热水器|洗衣机|冰箱|床|沙发|衣柜|暖气|宽带网|可做饭|阳台|独立卫生间
我爱我家,fang_2226968,39.03,1.5至2.8,35,26,低,4800,整租,"(押一付一) 分期付,0压力 月供:436 元 利息:36 我要申请",南,,1,6,1995,1,1,50,1,20,20,13,20,20,20,20,20,20,56,57,40,99,2018/2/7 10:00,中,海淀,五道口,电视|空调|热水器|洗衣机|冰箱|床|沙发|衣柜|暖气|宽带网|可做饭|阳台|独立卫生间
链家地产,fang_1643652,42.79,1.5至2.98,2126,5,低,4200,整租,(押一付半年),东,,1,10,2009,1,1,47,1,20,20,3,20,17,20,20,20,20,70,95,80,31,2018/2/7 15:00,简,海淀,清河,电视|空调|热水器|洗衣机|冰箱|床|暖气|宽带网|可做饭
中润置家,fang_2233728,49.03,1.7至2.2,660,5,中,1300,合租,押三付十二,南,主,1,12,1995,1,3,15,1,20,20,4,20,20,20,20,20,20,100,126,48,100,2018/2/7 20:00,中,海淀,公主坟,电视|空调|热水器|洗衣机|冰箱|床|沙发|衣柜|暖气|宽带网|可做饭|阳台|独立卫生间
,,30.74,1.85至1.95,987,5,高,6500,整租,付八,,,0,6,2000,1,3,128,1,20,20,13,20,20,20,20,20,20,91,126,116,69,2018/2/8 1:00,精,海淀,上地,电视|空调|热水器|洗衣机|冰箱|床|沙发|衣柜|暖气|宽带网|可做饭
安馨建业,fang_1298305,26.71,1.95至3.8,622,6,高,1650,合租,(押一付一),南,次,1,6,1996,1,3,22,1,20,14,,20,6,20,20,20,20,28,32,134,5,2018/2/8 6:00,中,海淀,世纪城,床
,,38.38,2.09至2.95,2411,9,中,7300,整租,押2付5,南北,,1,6,1998,1,3,75,1,20,14,3,20,20,20,20,20,20,33,112,60,41,2018/2/8 11:00,精,海淀,二里庄,电视|空调|热水器|洗衣机|冰箱|床|沙发|衣柜|暖气|宽带网|可做饭|阳台|独立卫生间
我爱我家,fang_1940872,10.23,2.15至2.7,967,7,中,8900,整租,押三付三,南北,,1,6,2007,1,3,90,1,20,20,9,20,20,20,20,20,20,149,135,22,75,2018/2/8 16:00,简,海淀,双榆树,电视|空调|热水器|洗衣机|冰箱|床|沙发|衣柜|暖气|宽带网|可做饭|阳台|独立卫生间
蛋壳公寓,fang_2248740,25.72,2.17至2.47,1272,19,低,1690,整租,押一年付,南,,1,28,2007,1,3,19,1,20,9,,20,20,20,20,18,20,78,89,114,57,2018/2/8 21:00,精,海淀,上地,
北京嘉诚易家房地产经纪有限公司,fang_2142294,20.34,2.35至30,1540,22,高,7000,合租,押三付年,西南,主,1,32,2004,1,3,120,1,20,20,5,20,20,20,20,20,20,123,83,30,81,2018/2/9 2:00,中,海淀,清河,电视|空调|热水器|洗衣机|冰箱|床|沙发|衣柜|暖气|宽带网|可做饭|阳台|独立卫生间
我爱我家,fang_1553752,23.13,2.55至4,879,10,中,7000,整租,季付,南北,,1,6,2009,1,2,75,1,20,20,7,20,20,20,20,20,20,125,55,120,71,2018/2/9 7:00,精,海淀,牡丹园,热水器|暖气|可做饭|独立卫生间
我爱我家,fang_2229179,8.33,2.65至2.98,2227,41,高,3200,合租,押三付一,南,主,1,15,2013,1,3,28,1,20,20,6,20,20,20,20,20,20,148,131,85,56,2018/2/9 12:00,中,海淀,北太平庄,电视|空调|热水器|洗衣机|冰箱|床|暖气|宽带网|可做饭
亿成房地产,fang_1919129,14.17,2.76至4.5,2313,10,低,1800,合租,押一付三,南,主,1,18,2008,1,3,20,1,20,20,8,20,20,20,20,20,20,137,144,43,52,2018/2/9 17:00,精,海淀,西北旺,床
蛋壳公寓,fang_2248702,25.86,2.88至6,274,3,中,2450,合租,(押二付一) (快速贷款),东北,主,1,24,2006,1,2,25,1,20,20,7,20,20,20,20,20,20,137,63,90,76,2018/2/9 22:00,中,海淀,大钟寺,床
信恒基业,fang_1417039,23.88,2.8至100,853,20,高,1600,合租,付十一,南,主,1,16,2004,1,3,20,1,20,20,5,20,20,20,20,20,20,137,101,54,65,2018/2/10 3:00,中,海淀,四季青,电视|空调|热水器|洗衣机|微波炉|冰箱|床|沙发|衣柜|暖气|宽带网|可做饭|阳台
蛋壳公寓,fang_2248724,15.75,2.8至5,891,11,中,1900,合租,押二付二,南,主,1,25,2004,1,3,20,1,20,20,10,20,20,20,20,20,20,144,86,90,83,2018/2/10 8:00,豪,海淀,马连洼,电视|空调|热水器|洗衣机|冰箱|床|沙发|衣柜|暖气|宽带网|可做饭|阳台|独立卫生间
,,47.08,2至5,2473,15,中,1100,合租,无押付半年,南,次,1,15,2006,1,2,18,1,20,20,6,20,20,20,20,20,20,62,73,61,120,2018/2/10 13:00,精,海淀,西北旺,电视|空调|热水器|洗衣机|冰箱|床|沙发|衣柜|暖气|宽带网|可做饭|阳台|独立卫生间
链家地产,fang_2228170,0,,,,中,5500,整租,付七,西,,1,9,,1,2,67,1,20,20,4,20,20,20,20,20,20,89,32,89,61,2018/2/10 18:00,精,海淀,上地,电视|空调|热水器|洗衣机|冰箱|床|沙发|衣柜|暖气|宽带网|可做饭|阳台|独立卫生间
惠达家业,fang_2176055,71.47,,,,低,6500,整租,押二付十二,南北,,1,6,,1,2,70,1,20,20,10,20,20,20,20,20,20,120,104,62,106,2018/2/10 23:00,中,海淀,北大清华,电视|空调|热水器|洗衣机|冰箱|床|沙发|衣柜|暖气|宽带网|可做饭|阳台|独立卫生间
链家地产,fang_2207164,5.83,,13,5,高,2690,合租,押一付四,东,次,1,21,,1,3,8,1,20,20,6,20,20,20,20,20,20,127,99,35,52,2018/2/11 4:00,精,海淀,北太平庄,电视|空调|热水器|洗衣机|冰箱|床|沙发|衣柜|暖气|宽带网|可做饭|阳台|独立卫生间
,,18.23,,4,1,中,6600,整租,(押一付一) (快速贷款),南北,,1,6,,1,2,65,1,20,20,7,20,20,20,20,20,20,63,82,57,120,2018/2/11 9:00,精,海淀,北大清华,电视|空调|热水器|洗衣机|冰箱|床|沙发|衣柜|暖气|宽带网|可做饭|阳台|独立卫生间
 链家地产,fang_407154,17.48,,24,1,中,5500,整租,押一付十二,西,,1,9,,1,2,67,1,20,20,4,20,20,20,20,20,20,118,73,28,48,2018/2/11 14:00,精,海淀,安宁庄,电视|空调|热水器|洗衣机|微波炉|冰箱|床|沙发|衣柜|暖气|宽带网|可做饭|阳台|独立卫生间
鹏基伟业房地产,fang_2185111,28.74,,12,3,低,1400,合租,"(押一付三 - 租房贷) 分期付,0压力 月供:835.67 元 利息:69 我要申请",南,次,1,6,,1,3,18,1,20,5,6,19,20,20,20,20,20,73,86,65,12,2018/2/11 19:00,中,海淀,二里庄,床
,,43.94,,8,2,,8000,整租,押零付三,南北,,1,5,,1,2,60,1,20,20,7,20,20,20,20,20,20,96,153,39,39,2018/2/12 0:00,中,海淀,北大清华,电视|空调|热水器|洗衣机|冰箱|床|暖气
中天置地,fang_1341133,12.69,,613,5,中,2100,合租,"押零付半年                 ",东,次,1,18,1963,1,3,20,1,20,20,3,20,20,20,20,20,20,109,122,110,100,2018/2/12 5:00,中,海淀,二里庄,空调|热水器|可做饭|独立卫生间
我爱我家,fang_2227184,29.54,,769,8,中,5500,整租,半年付不押,南北,,1,6,2000,1,2,72,1,20,20,4,20,20,20,20,20,20,84,66,71,94,2018/2/12 10:00,精,海淀,北大清华,暖气|可做饭|阳台|独立卫生间
链家地产,fang_407154,18.28,,38,7,低,4000,整租,押零付二,西,,1,6,,1,2,60,1,20,20,13,20,20,20,20,20,20,94,248,29,70,2018/2/12 15:00,中,海淀,安宁庄,热水器|暖气|可做饭|独立卫生间
中天置地,fang_2171270,18.67,,88,1,低,1500,合租,押零付半年,南,次,1,6,1958,1,3,18,1,20,20,,20,20,20,20,20,20,112,107,35,61,2018/2/12 20:00,精,海淀,厂洼,电视|空调|热水器|洗衣机|冰箱|床|沙发|衣柜|暖气|宽带网|可做饭
我爱我家,fang_1921973,43.39,,195,43,低,4500,整租,,南北,,1,6,1989,1,1,56,1,20,20,5,20,20,20,20,20,20,115,116,42,54,2018/2/13 1:00,中,海淀,定慧寺,电视|空调|热水器|洗衣机|微波炉|冰箱|床|沙发|衣柜|暖气|宽带网|可做饭|阳台|独立卫生间
我爱我家,fang_2229192,43.08,,84,21,低,5000,整租,押一付年,西,,1,21,,1,1,50,1,20,20,4,20,20,20,20,20,20,67,82,59,106,2018/2/13 6:00,精,海淀,北太平庄,电视|空调|热水器|洗衣机|冰箱|床|沙发|衣柜|暖气|宽带网|可做饭|阳台|独立卫生间
,,35.07,,50,6,高,5000,整租,押零付六,南,,1,10,,1,1,47,1,20,20,5,20,20,20,20,20,20,66,128,78,42,2018/2/13 11:00,中,海淀,北洼路,电视|空调|热水器|洗衣机|冰箱|床|沙发|衣柜|暖气|宽带网|可做饭|阳台|独立卫生间
链家地产,fang_2014582,48.08,,81,7,中,7500,整租,押一付六,西南,,1,28,,1,2,112,1,20,20,10,20,20,20,20,20,20,202,78,41,37,2018/2/13 16:00,精,海淀,公主坟,电视|空调|热水器|洗衣机|微波炉|冰箱|床|沙发|衣柜|暖气|宽带网|可做饭
鑫居房产,fang_1848858,49.1,,13,4,中,1300,合租,(押二付一),南,次,1,23,,1,3,17,1,20,20,3,20,11,20,20,20,20,112,93,36,69,2018/2/13 21:00,精,海淀,花园桥,电视|空调|热水器|洗衣机|冰箱|床|暖气|宽带网
中天置地,fang_69746,23.96,,54,1,低,2000,合租,押一付半年,南,次,1,6,,1,3,23,1,20,20,9,20,20,20,20,20,20,106,86,98,70,2018/2/14 2:00,精,海淀,定慧寺,电视|空调|热水器|洗衣机|冰箱|床|暖气|宽带网
我爱我家,fang_482693,17,,0,0,中,6000,整租,押零付年,南北,,1,6,,1,3,80,1,20,20,7,20,20,20,20,20,20,131,46,90,75,2018/2/14 7:00,豪,海淀,车道沟,电视|空调|热水器|洗衣机|冰箱|床|沙发|衣柜|暖气|宽带网|可做饭|阳台|独立卫生间
,,51.66,,48,12,中,3800,整租,付一,东,,0,10,,1,1,50,1,20,20,5,20,20,20,20,20,20,103,64,83,74,2018/2/14 12:00,精,海淀,马连洼,电视|空调|热水器|洗衣机|冰箱|床|沙发|衣柜|暖气|宽带网|可做饭
青年嘉业,fang_547296,81.18,,4,1,中,5900,整租,押一付一,南北,,1,6,,1,2,65,1,20,20,12,20,20,20,20,20,20,91,100,133,43,2018/2/14 17:00,精,海淀,定慧寺,电视|空调|热水器|洗衣机|冰箱|床|沙发|衣柜|暖气|宽带网|可做饭|阳台|独立卫生间
我爱我家,fang_1920708,25.98,,9,3,中,4500,整租,付六,南,,1,6,,1,1,45,1,20,10,4,20,20,20,20,20,20,50,30,105,76,2018/2/14 22:00,豪,海淀,北太平庄,电视|空调|热水器|洗衣机|微波炉|冰箱|床|沙发|衣柜|暖气|宽带网|可做饭|阳台
我爱我家,fang_2205137,32.46,,128,5,中,7200,整租,(押二付三),南,,1,18,1953,1,2,88,1,20,20,12,20,20,20,20,20,20,135,127,37,68,2018/2/15 3:00,精,海淀,大钟寺,电视|空调|热水器|洗衣机|冰箱|床|暖气|宽带网
福牛地产,fang_2171843,46.76,,9,3,中,2300,合租,(押一付三),南北,主,1,6,,1,3,25,1,20,20,3,20,20,20,20,20,20,93,122,98,59,2018/2/15 8:00,精,海淀,二里庄,电视|空调|热水器|洗衣机|冰箱|床|沙发|衣柜|暖气|宽带网|可做饭|阳台|独立卫生间
北京鹏基伟业房地产经纪有限公司,fang_2151414,36.71,,10,4,中,1250,合租,(押一付三) (快速贷款),南,次,1,6,1980,1,2,15,1,20,20,12,20,20,20,20,20,20,127,69,85,61,2018/2/15 13:00,中,海淀,白石桥,电视|空调|热水器|洗衣机|冰箱|床|沙发|衣柜|暖气|宽带网|可做饭|阳台|独立卫生间
我爱我家,fang_1757365,43.65,,1,1,高,7000,整租,(押一付二),东西,,1,6,,1,2,76,1,20,20,8,20,20,20,20,20,20,103,73,84,66,2018/2/15 18:00,豪,海淀,定慧寺,电视|空调|热水器|洗衣机|冰箱|床|沙发|衣柜|暖气|宽带网|可做饭|阳台|独立卫生间
希望置地,fang_2075135,44.03,,12,3,中,4800,整租,付四,南,,1,16,,1,1,55,1,20,20,15,20,20,20,20,20,20,116,118,49,92,2018/2/15 23:00,精,海淀,航天桥,空调|热水器|衣柜|暖气|宽带网|可做饭|独立卫生间
我爱我家,fang_2227263,53.57,,338,2,中,3500,整租,NULL,南北,,1,6,1989,1,1,45,1,20,6,3,20,14,20,20,6,11,30,35,150,45,2018/2/16 4:00,精,海淀,厂洼,电视|空调|热水器|洗衣机|冰箱|床|沙发|衣柜|暖气|宽带网|可做饭|独立卫生间
中天置地,fang_1919781,41.62,,144,2,低,1980,合租,押二付三,南,次,1,6,1980,1,3,22,1,20,20,13,20,20,20,20,20,20,148,98,65,47,2018/2/16 9:00,精,海淀,二里庄,电视|空调|热水器|洗衣机|冰箱|床|沙发|衣柜|暖气|可做饭|阳台|独立卫生间
蛋壳公寓,fang_2248753,29.79,,357,6,高,1870,合租,付三,南,主,1,21,1980,1,3,18,1,20,20,9,20,20,20,20,20,20,125,97,42,59,2018/2/16 14:00,中,海淀,蓟门桥,电视|空调|热水器|洗衣机|冰箱|床|沙发|衣柜|暖气|宽带网|可做饭|阳台|独立卫生间
,,20.97,,53,13,中,700,合租,月付,南,次,0,6,1915,1,2,25,2,20,20,11,20,20,20,20,20,20,100,140,178,25,2018/2/16 19:00,精,海淀,甘家口,电视|空调|热水器|洗衣机|冰箱|床|沙发|衣柜|暖气|宽带网|可做饭|阳台|独立卫生间
福兴置地,fang_1957578,29.17,,22,7,中,1000,合租,半年付,南,主,1,6,,1,3,15,1,20,20,3,20,20,20,20,20,20,85,66,80,65,2018/2/17 0:00,精,海淀,马连洼,电视|空调|热水器|洗衣机|冰箱|床|沙发|衣柜|暖气|宽带网|可做饭|阳台|独立卫生间
美丽家园,fang_1412465,35,,14,5,中,1600,合租,其他,南,次,1,25,,1,3,15,1,20,20,7,20,20,20,20,20,20,132,66,76,75,2018/2/17 5:00,精,海淀,大钟寺,电视|空调|热水器|洗衣机|冰箱|床|沙发|衣柜|暖气|宽带网|可做饭|阳台|独立卫生间
链家地产,fang_2122070,26.7,,476,7,低,5500,整租,押三付半年,南,,1,15,1987,1,1,49,1,20,20,4,20,13,20,20,20,20,96,66,76,91,2018/2/17 10:00,精,海淀,花园桥,电视|空调|热水器|洗衣机|冰箱|床|沙发|衣柜|暖气|宽带网|可做饭|阳台|独立卫生间
蛋壳公寓,fang_2248713,39.51,,68,17,中,2200,合租,押零付一年,南,主,1,25,,1,3,22,1,20,20,14,20,20,20,20,20,20,81,90,92,87,2018/2/17 15:00,精,海淀,大钟寺,空调|热水器|洗衣机|冰箱|床|沙发|衣柜|暖气|宽带网|阳台|独立卫生间
链家地产,fang_2122502,42.54,,101,19,低,4500,整租,,北,,1,6,2002,0,1,41,1,20,20,11,20,20,20,20,20,20,111,104,69,30,2018/2/17 20:00,中,海淀,马连洼,电视|空调|洗衣机|微波炉|冰箱|床|沙发|衣柜|宽带网|可做饭|阳台|独立卫生间
蛋壳公寓,fang_2248702,51.67,,16,4,中,1990,合租,押一付一年,南,主,1,24,,1,3,20,1,20,20,15,20,20,20,20,20,20,88,124,64,83,2018/2/18 1:00,精,海淀,大钟寺,电视|空调|热水器|洗衣机|冰箱|床|沙发|衣柜|暖气|宽带网|可做饭|阳台|独立卫生间
都市易家,fang_2043788,39.58,,225,4,中,1600,合租,年付,北,次,1,19,1974,2,5,18,2,20,5,5,20,20,20,20,20,20,47,34,55,68,2018/2/18 6:00,豪,海淀,交通大学,电视|空调|热水器|洗衣机|冰箱|床|沙发|衣柜|暖气|宽带网|可做饭|阳台|独立卫生间
北清易家,fang_2232516,27.09,,9,1,低,7800,整租,押一付十一,南北,,1,6,,1,2,68,1,20,20,5,20,20,20,20,20,20,69,62,63,90,2018/2/18 11:00,精,海淀,北大清华,空调|热水器|床|沙发|暖气|可做饭|阳台|独立卫生间
惠达家业,fang_2176055,37.17,,224,2,中,6800,整租,押三付六,南北,,1,6,1986,1,3,88,1,20,20,3,20,20,20,20,20,20,134,72,86,52,2018/2/18 16:00,中,海淀,北大清华,电视|空调|热水器|洗衣机|冰箱|床|沙发|衣柜|暖气|宽带网|可做饭|阳台|独立卫生间
都市易家,fang_2169512,50,,13,4,中,1100,合租,(押一付三 ),北,隔断,1,6,,1,3,10,1,20,20,3,20,20,20,20,20,20,142,65,32,62,2018/2/18 21:00,中,海淀,马连洼,电视|空调|热水器|洗衣机|冰箱|床|沙发|衣柜|暖气|宽带网|可做饭|阳台|独立卫生间
华程,fang_1873796,34.02,,16,4,,3600,整租,可支持分期月付,西,,1,1,,1,1,30,1,20,20,4,20,20,20,20,20,20,129,66,78,101,2018/2/19 2:00,精,海淀,白石桥,电视|空调|热水器|洗衣机|冰箱|床|沙发|衣柜|暖气|宽带网|可做饭|阳台|独立卫生间
我爱我家,fang_2205146,25.88,,192,1,低,7000,整租,押二付一,南北,,1,18,,1,2,75,1,20,20,15,20,20,20,20,20,20,169,54,78,26,2018/2/19 7:00,精,海淀,牡丹园,电视|空调|热水器|洗衣机|冰箱|床|沙发|衣柜|暖气|宽带网|可做饭
我爱我家,fang_2206050,50.78,,4,1,,8500,整租,押零付十二,南北,,1,5,,1,3,100,1,20,20,3,20,20,20,20,20,20,110,51,56,78,2018/2/19 12:00,精,海淀,军博,电视|空调|热水器|洗衣机|冰箱|床|沙发|衣柜|暖气|宽带网|可做饭|阳台
中天置地,fang_2171251,48.9,,529,3,中,2000,合租,付五,南,次,1,6,1958,1,3,25,1,20,20,10,20,20,20,20,20,20,123,107,44,70,2018/2/19 17:00,简,海淀,白石桥,电视|空调|热水器|洗衣机|冰箱|床|沙发|衣柜|暖气|宽带网|可做饭|阳台|独立卫生间
惠达家业,fang_2213120,44.92,,9,2,,6000,整租,押二付年,南北,,1,3,,1,1,60,1,20,20,15,20,20,20,20,20,20,82,96,80,111,2018/2/19 22:00,精,海淀,北大清华,电视|空调|热水器|洗衣机|冰箱|床|沙发|衣柜|暖气|宽带网|可做饭|阳台|独立卫生间
我爱我家,fang_414704,32.78,,84,2,低,6400,整租,押0付11,南,,1,16,1987,1,1,60,1,20,20,4,20,20,20,20,20,20,137,94,37,66,2018/2/20 3:00,中,海淀,北太平庄,电视|空调|热水器|洗衣机|冰箱|床|沙发|衣柜|暖气|宽带网|可做饭|阳台|独立卫生间
链家地产,fang_2228290,55.04,,175,3,低,9500,整租,"(押一付一) 分期付,0压力 月供:436 元 利息:36 我要申请",南,,1,25,1986,1,2,102,1,20,20,5,20,20,20,20,20,,102,143,53,78,2018/2/20 8:00,中,海淀,牡丹园,电视|空调|热水器|洗衣机|冰箱|床|沙发|衣柜|暖气|宽带网|可做饭|阳台|独立卫生间
我爱我家,fang_2016861,53.96,,6,3,低,5800,整租,(押一付半年),南,,1,24,,1,2,85,1,20,20,12,20,20,20,20,20,20,134,116,90,92,2018/2/20 13:00,简,海淀,二里庄,电视|空调|热水器|洗衣机|冰箱|床|沙发|衣柜|暖气|宽带网|可做饭|阳台|独立卫生间
,,48.08,,13,4,,2700,整租,押三付十二,,,0,3,1970,0,1,16,0,20,20,14,20,20,20,20,20,20,83,108,49,82,2018/2/20 18:00,精,海淀,北航,电视|空调|热水器|洗衣机|冰箱|床|沙发|衣柜|暖气|宽带网|可做饭|阳台|独立卫生间
博峰地产,fang_2143983,26.73,,166,3,低,2200,合租,付八,南,主,1,6,1992,1,3,20,1,20,20,5,20,20,20,20,20,20,94,97,77,59,2018/2/20 23:00,精,海淀,马连洼,电视|空调|热水器|洗衣机|冰箱|床|沙发|衣柜|暖气|宽带网|可做饭|阳台|独立卫生间
我爱我家,fang_1394234,54.17,,20,8,低,6700,整租,(押一付一),南北,,1,18,1903,1,2,76,1,20,20,,20,20,20,20,20,20,79,84,58,70,2018/2/21 4:00,中,海淀,牡丹园,电视|空调|热水器|洗衣机|冰箱|床|沙发|衣柜|暖气|宽带网|可做饭|阳台|独立卫生间
链家地产,fang_2135702,53.02,,25,10,,4000,整租,押2付5,西,,1,5,,0,1,33,1,20,20,10,20,20,20,20,20,20,96,108,43,82,2018/2/21 9:00,精,海淀,清河,电视|空调|热水器|洗衣机|冰箱|床|沙发|衣柜|暖气|宽带网|可做饭
,,39.26,,60,2,高,4200,整租,押三付三,东,,1,6,2000,1,1,52,1,20,20,13,20,20,20,20,20,20,103,102,88,27,2018/2/21 14:00,中,海淀,公主坟,电视|空调|热水器|洗衣机|冰箱|床|沙发|衣柜|暖气|宽带网|可做饭|阳台|独立卫生间
我爱我家,fang_2016861,32.39,,72,1,高,5500,整租,押一年付,东西,,1,6,,1,2,65,1,20,20,12,20,17,20,20,20,20,77,88,71,64,2018/2/21 19:00,精,海淀,二里庄,电视|热水器|洗衣机|冰箱|床|沙发|衣柜|暖气|可做饭|阳台|独立卫生间
鹏辉地产,fang_2112214,48.08,,76,19,中,2200,合租,押三付年,南,主,1,19,,1,3,22,2,20,18,8,20,20,20,20,20,20,114,56,123,23,2018/2/22 0:00,中,海淀,清河,空调|热水器|暖气
鹏基伟业房地产,fang_2047282,52.64,,316,2,中,1550,合租,季付,南,次,1,6,1989,1,3,20,1,20,20,19,20,20,20,20,20,20,125,66,47,78,2018/2/22 5:00,豪,海淀,北太平庄,电视|空调|热水器|洗衣机|冰箱|床|沙发|衣柜|暖气|宽带网|可做饭|阳台|独立卫生间
蛋壳公寓,fang_2248659,34.16,,25,20,中,2090,合租,押三付一,南,主,1,25,2016,1,3,20,1,20,20,5,20,20,20,20,20,20,96,149,41,113,2018/2/22 10:00,中,海淀,公主坟,电视|空调|热水器|洗衣机|冰箱|床|沙发|衣柜|暖气|宽带网|可做饭|阳台|独立卫生间
我爱我家,fang_2203788,37.24,,52,1,低,3500,整租,押一付三,南,,1,6,,1,1,45,1,20,20,13,20,20,20,20,20,20,95,107,74,75,2018/2/22 15:00,中,海淀,清河,电视|空调|热水器|洗衣机|微波炉|冰箱|床|沙发|衣柜|暖气|宽带网|可做饭|阳台
我爱我家,fang_2226903,44.73,,287,5,低,18000,整租,(押二付一) (快速贷款),南北,,1,23,1980,2,3,196,2,20,20,5,20,20,20,20,20,20,54,121,95,19,2018/2/22 20:00,简,海淀,北太平庄,电视|空调|热水器|洗衣机|冰箱|床|沙发|衣柜|暖气|宽带网|可做饭|阳台|独立卫生间
我爱我家,fang_2203348,51.83,,16,4,中,5700,整租,付十一,西南,,1,27,,1,2,93,1,20,20,6,20,20,20,20,20,20,66,105,117,38,2018/2/23 1:00,精,海淀,清河,可做饭|阳台|独立卫生间
鹏基伟业房地产,fang_1136316,3.5,,126,1,低,1200,合租,押二付二,南,次,1,6,1990,1,3,16,1,20,16,7,20,20,20,20,20,20,77,143,107,30,2018/2/23 6:00,中,海淀,牡丹园,电视|空调|热水器|洗衣机|冰箱|床|沙发|衣柜|暖气|宽带网|可做饭|阳台|独立卫生间
都市易家,fang_2189423,13.31,,108,2,中,1050,合租,无押付半年,南,次,1,6,1987,1,4,10,1,20,20,5,20,20,20,20,20,20,117,99,40,50,2018/2/23 11:00,中,海淀,马连洼,电视|空调|热水器|洗衣机|微波炉|冰箱|床|沙发|衣柜|暖气|宽带网|可做饭|阳台|独立卫生间
北京铭杰易城房地产经纪有限公司,fang_2175343,42.5,,147,3,中,1800,合租,付七,南,次,1,30,1990,1,2,18,1,20,19,5,20,17,20,20,20,20,64,84,111,61,2018/2/23 16:00,中,海淀,清河,电视|空调|热水器|洗衣机|冰箱|床|沙发|衣柜|暖气|宽带网|可做饭|阳台|独立卫生间
我爱我家,fang_2207887,22.26,,902,21,高,4900,整租,押二付十二,南北,,1,18,1980,2,2,80,1,20,20,2,20,20,20,20,20,20,115,74,29,46,2018/2/23 21:00,精,海淀,清河,空调
,,55.64,,2,2,高,2000,合租,押一付四,东,主,1,9,,1,3,22,1,20,20,9,20,20,20,20,20,20,115,118,59,72,2018/2/24 2:00,精,海淀,花园桥,电视|空调|热水器|洗衣机|冰箱|床|暖气|宽带网
我爱我家,fang_4408,16.13,,254,5,中,9000,整租,(押一付一) (快速贷款),南,,1,20,,1,2,110,1,20,20,,20,20,20,20,20,20,84,105,56,65,2018/2/24 7:00,精,海淀,二里庄,电视|空调|热水器|洗衣机|冰箱|床|沙发|衣柜|暖气|宽带网|可做饭|阳台|独立卫生间
中润置家,fang_2233721,39.1,,18,1,中,950,合租,押一付十二,东,次,1,6,,1,3,12,1,20,8,3,20,20,20,20,20,20,90,76,56,38,2018/2/24 12:00,豪,海淀,马连洼,电视|空调|热水器|洗衣机|冰箱|床|沙发|衣柜|暖气|宽带网|可做饭|阳台|独立卫生间
北京嘉诚易家房地产经纪有限公司,fang_2142294,57.64,,296,5,低,1800,合租,"(押一付三 - 租房贷) 分期付,0压力 月供:835.67 元 利息:69 我要申请",南,次,1,6,1988,1,2,21,1,20,20,10,20,20,20,20,20,20,110,134,39,32,2018/2/24 17:00,精,海淀,清河,电视|空调|热水器|洗衣机|冰箱|床|沙发|衣柜|暖气|宽带网|可做饭|阳台
惠达家业,fang_2133144,34.7,,1451,12,中,18000,整租,押零付三,南北,,1,7,1988,2,3,139,2,20,3,2,20,6,20,20,18,4,90,23,16,38,2018/2/24 22:00,中,海淀,北大清华,
链家地产,fang_2228240,14.92,,1720,12,高,9500,整租,"押零付半年                 ",南,,1,28,2000,1,3,127,2,20,20,5,20,20,20,20,20,20,96,110,74,85,2018/2/25 3:00,精,海淀,清河,电视|空调|热水器|洗衣机|冰箱|床|沙发|衣柜|暖气|宽带网|可做饭|阳台|独立卫生间
,,34.13,,110,8,中,2200,整租,半年付不押,,,0,20,2005,1,3,15,1,20,20,12,20,20,20,20,20,20,127,97,54,74,2018/2/25 8:00,豪,海淀,牡丹园,电视|空调|热水器|洗衣机|床|沙发|衣柜|暖气|宽带网|可做饭|阳台|独立卫生间
盛世纪,fang_2179080,32.92,,416,1,低,5800,整租,押零付二,南,,1,6,2009,1,2,70,1,20,20,7,20,20,20,20,20,20,113,84,36,67,2018/2/25 13:00,中,海淀,北太平庄,电视|空调|热水器|洗衣机|冰箱|床|沙发|衣柜|暖气|可做饭|阳台|独立卫生间
,,23.28,,144,3,中,2000,合租,押零付半年,南北,次,0,6,1980,1,3,18,1,20,20,6,20,20,20,20,20,20,93,101,34,93,2018/2/25 18:00,简,海淀,牡丹园,空调|热水器|洗衣机|冰箱|床|衣柜|暖气|宽带网|可做饭|阳台|独立卫生间
蛋壳公寓,fang_2248700,29.91,,96,4,中,1860,合租,,南,主,1,26,,1,2,20,1,20,20,13,20,20,20,20,20,20,96,148,40,68,2018/2/25 23:00,精,海淀,清河,电视|空调|热水器|洗衣机|冰箱|床|沙发|衣柜|暖气|宽带网|可做饭|阳台|独立卫生间
我爱我家,fang_2137971,37.43,,76,2,低,1100,合租,押一付年,南,次,1,21,,1,1,15,1,20,20,6,20,20,20,20,20,20,142,79,36,52,2018/2/26 4:00,精,海淀,清河,
中天置地,fang_2171265,52.29,,90,2,低,1600,合租,押零付六,南,次,1,12,,1,3,20,1,20,20,17,20,20,20,20,20,20,107,116,40,67,2018/2/26 9:00,简,海淀,人民大学,电视|空调|热水器|洗衣机|冰箱|床|沙发|衣柜|暖气|宽带网|可做饭|阳台|独立卫生间
,,25.68,,367,4,低,2600,合租,押一付六,北,次,0,6,2000,1,2,20,1,20,20,2,20,20,20,20,20,20,141,90,30,42,2018/2/26 14:00,中,海淀,上地,电视|空调|热水器|洗衣机|冰箱|床|沙发|衣柜|暖气|宽带网|可做饭
,fang_2172583,57.94,,228,3,中,1000,合租,(押二付一),北,隔断,1,15,1990,1,5,15,2,20,20,5,20,20,20,20,20,20,119,117,38,65,2018/2/26 19:00,中,海淀,清河,电视|空调|热水器|洗衣机|微波炉|冰箱|床|沙发|衣柜|暖气|宽带网|可做饭|独立卫生间
,,41.8,,138,1,中,14000,整租,押一付半年,南北,,1,11,1988,1,3,132,2,20,20,5,20,20,20,20,20,20,130,82,87,40,2018/2/27 0:00,精,海淀,定慧寺,电视|空调|热水器|洗衣机|冰箱|暖气
我爱我家,fang_88355,42.95,,154,2,高,6000,整租,押零付年,南,,1,6,1976,1,2,60,1,20,20,10,20,20,20,20,20,20,130,85,38,70,2018/2/27 5:00,精,海淀,甘家口,空调|热水器|洗衣机|微波炉|冰箱|床|衣柜|暖气|宽带网|可做饭|阳台
我爱我家,fang_2205172,42.25,,174,2,高,8300,整租,付一,南北,,1,18,,1,3,85,1,20,20,11,20,20,20,20,20,20,107,69,133,67,2018/2/27 10:00,中,海淀,牡丹园,电视|空调|热水器|洗衣机|冰箱|床|沙发|衣柜|暖气|宽带网|可做饭|阳台|独立卫生间
我爱我家,fang_1643202,57.93,,2220,44,高,5600,整租,押一付一,南北,,1,15,1960,1,1,48,1,20,20,7,20,20,20,20,20,20,89,123,106,47,2018/2/27 15:00,精,海淀,牡丹园,电视|空调|热水器|洗衣机|微波炉|冰箱|床|沙发|衣柜|暖气|宽带网|可做饭|阳台|独立卫生间
我爱我家,fang_2065978,30.08,,78,3,中,5800,整租,付六,东,,1,24,1969,1,1,55,1,20,20,6,20,20,20,20,20,20,175,61,32,43,2018/2/27 20:00,精,海淀,军博,电视|空调|热水器|洗衣机|冰箱|床|沙发|衣柜|暖气|宽带网|可做饭|阳台|独立卫生间
我爱我家,fang_1643287,23.07,,1058,16,中,2300,合租,(押二付三),南,次,1,6,1995,1,1,17,1,20,20,5,20,20,20,20,20,20,111,84,41,77,2018/2/28 1:00,中,海淀,马连洼,电视|空调|热水器|洗衣机|冰箱|床|沙发|衣柜|暖气|宽带网|可做饭|阳台|独立卫生间
中润置家,fang_2252286,0,,1,1,低,850,合租,(押一付三),南,次,1,6,,1,2,20,1,20,20,13,20,20,20,20,20,20,109,71,67,71,2018/2/28 6:00,中,海淀,上地,电视|空调|热水器|洗衣机|冰箱|床|沙发|衣柜|暖气|宽带网|可做饭|阳台
,,71.26,,90,1,,5800,整租,(押一付三) (快速贷款),南北,,1,5,,1,2,60,1,20,20,13,20,20,20,20,20,20,106,189,77,68,2018/2/28 11:00,精,海淀,航天桥,空调|热水器|冰箱|床|沙发|衣柜|暖气|可做饭|阳台|独立卫生间
,,39.69,,240,3,低,1650,合租,(押一付二),南,次,1,20,2001,1,2,12,1,20,20,3,20,20,20,20,20,20,124,50,49,77,2018/2/28 16:00,精,海淀,清河,热水器|床|衣柜|暖气|宽带网|可做饭|独立卫生间
我爱我家,fang_1432779,29.31,,98,3,中,3200,整租,付四,南,,1,18,,1,1,55,1,20,20,7,20,20,20,20,20,20,82,91,53,81,2018/2/28 21:00,中,海淀,上地,电视|空调|热水器|洗衣机|冰箱|床|沙发|衣柜|暖气|宽带网|可做饭|阳台|独立卫生间
蛋壳公寓,fang_2182787,35.28,,390,1,中,2760,合租,NULL,南,主,1,22,1994,1,3,22,1,20,20,7,20,20,20,20,20,20,51,83,115,91,2018/3/1 2:00,中,海淀,马连洼,电视|空调|热水器|洗衣机|微波炉|冰箱|床|沙发|衣柜|暖气|宽带网|可做饭|阳台|独立卫生间
我爱我家,fang_2227308,71.48,,36,1,,2500,整租,押二付三,南北,,1,2,1998,1,1,25,1,20,20,12,20,20,20,20,20,20,103,68,51,96,2018/3/1 7:00,中,海淀,牡丹园,电视|空调|热水器|洗衣机|冰箱|床|沙发|衣柜|暖气|宽带网|可做饭|阳台|独立卫生间
,,16.55,,1,1,,2900,整租,付三,南北,,0,2,,1,1,35,1,20,20,8,20,20,20,20,20,20,141,92,87,28,2018/3/1 12:00,精,海淀,蓟门桥,电视|空调|热水器|洗衣机|冰箱|床|沙发|衣柜|暖气|宽带网|可做饭|阳台|独立卫生间
美丽家园,fang_2005908,34.95,,105,1,中,1500,合租,月付,南,次,1,20,2002,1,3,25,2,20,20,12,20,20,20,20,20,20,82,47,69,79,2018/3/1 17:00,简,海淀,清河,电视|空调|热水器|洗衣机|冰箱|床|沙发|衣柜|暖气|宽带网|可做饭|阳台|独立卫生间
北京嘉诚易家房地产经纪有限公司,fang_2142294,30.94,,30,2,低,1900,合租,半年付,南,主,1,6,1984,1,2,21,1,20,20,12,20,20,20,20,20,20,83,107,39,98,2018/3/1 22:00,简,海淀,清河,电视|空调|热水器|洗衣机|冰箱|床|暖气|宽带网
链家地产,fang_2121572,51.1,,18,1,低,8800,整租,其他,西南,,1,18,,1,3,95,2,20,20,12,20,20,20,20,20,20,103,70,70,64,2018/3/2 3:00,中,海淀,公主坟,空调|热水器|洗衣机|床|衣柜|暖气|宽带网|可做饭|阳台|独立卫生间
,,42.98,,168,2,中,6600,整租,押三付半年,,,0,6,1991,0,3,80,0,20,20,6,20,20,20,20,20,20,116,109,113,58,2018/3/2 8:00,中,海淀,定慧寺,热水器|床|暖气|宽带网|可做饭|阳台
,,44.59,,66,1,中,3800,整租,押零付一年,东,,0,10,1998,1,1,50,1,20,20,8,20,20,20,20,20,20,112,129,89,60,2018/3/2 13:00,中,海淀,马连洼,电视|空调|热水器|洗衣机|冰箱|床|沙发|衣柜|暖气|宽带网|可做饭
,,21.81,,754,14,,7800,整租,,南北,,1,5,,1,2,85,1,20,20,5,20,20,20,20,20,20,127,87,34,79,2018/3/2 18:00,中,海淀,二里庄,电视|空调|热水器|洗衣机|冰箱|床|暖气|宽带网
我爱我家,fang_1585648,23.79,,0,26,低,6200,整租,押一付一年,南北,,1,7,,1,2,52,1,20,20,14,20,20,20,20,20,20,98,78,51,75,2018/3/2 23:00,精,海淀,北太平庄,空调|热水器|洗衣机|冰箱|床|宽带网
,,55.08,,122,1,中,1400,合租,年付,南,次,0,18,1990,1,1,12,1,20,20,17,20,20,20,20,20,20,80,73,36,97,2018/3/3 4:00,精,海淀,清河,
,,24.5,,990,14,中,4500,整租,押一付十一,南北,,1,6,1975,1,2,74,1,20,20,10,20,20,20,20,20,20,121,102,102,46,2018/3/3 9:00,精,海淀,双榆树,电视|空调|热水器|洗衣机|冰箱|床|沙发|衣柜|暖气|宽带网|可做饭|阳台|独立卫生间
鼎信地产,fang_2178923,16.64,,510,10,高,10000,整租,押二付六,南北,,1,6,1954,2,2,94,1,20,20,7,20,20,20,20,20,20,165,75,54,34,2018/3/3 14:00,中,海淀,马连洼,床
中润置家,fang_2240026,60.42,,180,3,低,900,合租,,南,次,1,20,1990,1,3,10,1,20,20,11,20,20,20,20,20,20,118,79,109,37,2018/3/3 19:00,中,海淀,世纪城,电视|空调|热水器|洗衣机|冰箱|床|沙发|衣柜|暖气|宽带网|可做饭|阳台|独立卫生间
中天置地,fang_2229357,35.84,,102,87,低,1700,合租,(押一付年),南,次,1,6,1992,1,3,16,1,20,20,4,20,18,20,20,20,20,149,196,22,81,2018/3/4 0:00,豪,海淀,航天桥,电视|空调|热水器|洗衣机|微波炉|冰箱|床|沙发|衣柜|暖气|宽带网|可做饭
我爱我家,fang_2226856,39.4,,273,4,高,14000,整租,押零付一,南北,,1,10,,1,2,120,1,20,20,4,20,20,20,20,20,20,126,63,93,80,2018/3/4 5:00,中,海淀,清河,电视|空调|热水器|洗衣机|冰箱|床|沙发|衣柜|暖气|宽带网|可做饭
我爱我家,fang_1643202,51.39,,513,8,中,5800,整租,付十二,南,,1,14,1988,1,1,60,1,20,20,5,20,20,20,20,20,20,84,156,25,62,2018/3/4 10:00,中,海淀,牡丹园,
麦田房产,fang_1482925,56.68,,129,2,,25000,整租,押一付二,南北,,1,2,,2,4,200,2,20,18,6,20,20,20,20,20,20,75,62,93,31,2018/3/4 15:00,中,海淀,四季青,床|沙发|衣柜|暖气
中原地产,fang_2090467,20.67,,12,3,中,6500,整租,押一付半年peizhi[],南北,,1,6,2005,2,2,98,1,20,20,12,20,20,20,20,20,20,97,137,47,58,2018/3/4 20:00,简,海淀,四季青,电视|空调|热水器|洗衣机|冰箱|床|暖气|宽带网
,,46.98,,88,2,中,1500,合租,押三付六,南,主,1,6,,1,3,20,1,20,20,9,20,20,20,20,20,20,101,82,42,81,2018/3/5 1:00,中,海淀,清河,空调|热水器|床|衣柜|暖气|宽带网|可做饭|独立卫生间
,,31.02,,344,2,低,5500,整租,(押一付三 ),西南,,1,9,2003,1,1,46,1,20,20,9,20,20,20,20,20,20,121,54,83,69,2018/3/5 6:00,中,海淀,北太平庄,电视|空调|热水器|洗衣机|冰箱|床|沙发|衣柜|暖气|宽带网|可做饭|阳台|独立卫生间
,,49.66,,1781,34,低,2000,合租,可支持分期月付,南,主,0,14,1968,1,3,23,1,20,20,7,20,20,20,20,20,20,93,99,117,61,2018/3/5 11:00,精,海淀,清河,电视|空调|热水器|洗衣机|冰箱|床|沙发|衣柜|暖气|宽带网|可做饭|阳台|独立卫生间
我爱我家,fang_2227171,71.52,,778,5,高,8500,整租,押二付一,南北,,1,12,2006,1,1,110,1,20,20,6,20,20,20,20,20,20,97,50,64,105,2018/3/5 16:00,中,海淀,牡丹园,电视|空调|热水器|洗衣机|冰箱|床|沙发|衣柜|暖气|宽带网|可做饭|阳台|独立卫生间
我爱我家,fang_1114944,56.01,,180,1,低,4000,整租,押零付十二,南北,,1,6,1999,2,2,81,1,20,20,3,20,20,20,20,20,20,142,87,61,38,2018/3/5 21:00,精,海淀,上地,电视|空调|热水器|洗衣机|冰箱|床|沙发|衣柜|暖气|宽带网|可做饭
亿成房地产,fang_1300910,35.19,,597,11,中,4800,整租,付五,南北,,1,6,1970,1,2,65,1,20,20,8,20,20,20,20,20,20,154,92,35,68,2018/3/6 2:00,中,海淀,马连洼,电视|空调|热水器|洗衣机|冰箱|床|沙发|衣柜|暖气|宽带网|可做饭|阳台|独立卫生间
21世纪信邦不动产,fang_2188476,30.73,,3196,42,中,7500,整租,押二付年,南北,,1,6,2000,1,3,82,1,20,20,,20,20,20,20,20,20,79,81,35,62,2018/3/6 7:00,精,海淀,甘家口,电视|空调|热水器|洗衣机|冰箱|床|沙发|衣柜|暖气|宽带网|可做饭|阳台|独立卫生间
我爱我家,fang_2226990,23.42,,124,2,中,3300,合租,押0付11,南,主,1,6,1997,1,3,20,1,20,20,6,20,20,20,20,20,20,85,114,72,26,2018/3/6 12:00,中,海淀,牡丹园,电视|空调|热水器|洗衣机|冰箱|床|沙发|衣柜|暖气|宽带网|可做饭|阳台|独立卫生间
惠达家业,fang_2133144,55.22,,591,12,低,16800,整租,"(押一付一) 分期付,0压力 月供:436 元 利息:36 我要申请",南北,,1,7,1987,2,3,139,2,20,20,16,20,20,20,20,20,20,101,49,136,68,2018/3/6 17:00,精,海淀,北大清华,电视|空调|热水器|洗衣机|冰箱|床|沙发|衣柜|暖气|宽带网|可做饭|阳台|独立卫生间
我爱我家,fang_1794693,0,,,,,6000,整租,(押一付半年),南北,,1,5,,1,2,65,1,20,20,7,20,20,20,20,20,20,81,160,78,44,2018/3/6 22:00,中,海淀,花园桥,电视|空调|热水器|洗衣机|冰箱|床|沙发|衣柜|暖气|宽带网|可做饭|阳台|独立卫生间
,,8.82,,414,14,中,4200,整租,押三付十二,南,,1,12,2006,1,1,47,1,20,20,13,20,20,20,20,20,20,64,76,43,94,2018/3/7 3:00,中,海淀,上地,电视|空调|热水器|洗衣机|冰箱|床|衣柜|暖气|宽带网|可做饭|独立卫生间
链家地产,fang_407154,8.33,,100,2,高,6300,整租,付八,南北,,1,18,,1,2,88,1,20,20,4,20,9,20,20,20,20,83,56,79,22,2018/3/7 8:00,中,海淀,安宁庄,电视|空调|热水器|洗衣机|冰箱|床|沙发|衣柜|宽带网|可做饭|阳台|独立卫生间
我爱我家,fang_1393920,36.7,,1930,26,中,13500,整租,(押一付一),东西,,1,12,1981,2,3,147,2,20,20,13,20,20,20,20,20,20,55,50,42,105,2018/3/7 13:00,中,海淀,航天桥,电视|空调|热水器|洗衣机|冰箱|床|沙发|衣柜|暖气|宽带网|可做饭|阳台|独立卫生间
,fang_1065141,18.87,,384,7,低,4600,整租,押2付5,南,,1,21,,1,1,50,1,20,20,9,20,20,20,20,20,20,136,93,32,58,2018/3/7 18:00,中,海淀,蓟门桥,电视|空调|热水器|洗衣机|冰箱|床|沙发|衣柜|暖气|宽带网|可做饭|阳台|独立卫生间
惠达家业,fang_2229404,20.62,,2037,42,中,7600,整租,押三付三,南北,,1,6,,1,2,75,1,20,15,3,20,20,20,20,20,20,65,94,86,62,2018/3/7 23:00,中,海淀,北大清华,电视|空调|热水器|洗衣机|冰箱|床|沙发|衣柜|暖气|宽带网|可做饭|阳台|独立卫生间
,,19.87,,48,2,低,2000,合租,押一年付,,次,0,10,1994,1,2,15,1,20,20,7,20,20,20,20,20,20,87,88,53,79,2018/3/8 4:00,中,海淀,北洼路,床
我爱我家,fang_2227227,24.74,,819,12,中,4750,整租,押三付年,南,,1,18,2004,1,1,55,1,20,20,16,20,20,20,20,20,20,104,66,41,93,2018/3/8 9:00,中,海淀,清河,电视|空调|热水器|洗衣机|冰箱|床|沙发|衣柜|暖气|宽带网|可做饭|阳台|独立卫生间
蛋壳公寓,fang_2248700,31.88,,469,5,中,2050,合租,季付,南,主,1,25,,1,3,21,1,20,20,12,20,20,20,20,20,20,142,78,78,39,2018/3/8 14:00,中,海淀,清河,电视|空调|热水器|洗衣机|微波炉|冰箱|床|沙发|衣柜|暖气|宽带网|可做饭|独立卫生间
北京世纪天淇房地产经纪有限公司,fang_1975344,0,,72,1,中,1000,合租,押三付一,南,主,1,28,1984,0,1,18,1,20,20,14,20,20,20,20,20,20,144,66,75,80,2018/3/8 19:00,中,海淀,大钟寺,电视|空调|热水器|洗衣机|冰箱|床|沙发|衣柜|暖气|宽带网|可做饭|阳台|独立卫生间
,,32.8,,116,4,,1000,合租,押一付三,东,主,0,3,1988,2,3,10,2,20,20,3,20,20,20,20,20,20,123,129,34,31,2018/3/9 0:00,精,海淀,清河,电视|空调|热水器|洗衣机|冰箱|床|沙发|衣柜|暖气|宽带网|可做饭|阳台|独立卫生间
,,14.22,,2003,23,高,8300,整租,(押二付一) (快速贷款),东南,,1,20,2008,1,3,100,1,20,20,16,20,20,20,20,20,20,77,71,67,81,2018/3/9 5:00,精,海淀,世纪城,电视|空调|热水器|洗衣机|冰箱|床|沙发|衣柜|暖气|可做饭|阳台|独立卫生间
蛋壳公寓,fang_2248671,25.67,,528,14,中,1990,合租,付十一,南,主,1,24,,1,3,20,1,20,20,15,20,20,20,20,20,20,97,107,34,64,2018/3/9 10:00,中,海淀,双榆树,电视|空调|热水器|洗衣机|冰箱|床|沙发|衣柜|暖气|宽带网|可做饭|阳台|独立卫生间
鹏基伟业房地产,fang_2011858,27.21,,276,8,中,1150,合租,押二付二,南,次,1,6,,1,2,22,1,20,20,8,20,20,20,20,20,20,157,88,51,30,2018/3/9 15:00,中,海淀,马连洼,电视|空调|热水器|洗衣机|冰箱|床|沙发|衣柜|暖气|宽带网|可做饭|阳台|独立卫生间
链家地产,fang_2228263,20.2,,483,8,高,16000,整租,无押付半年,南,,1,24,2014,2,3,162,2,20,20,18,20,20,20,20,20,20,97,96,47,67,2018/3/9 20:00,中,海淀,双榆树,电视|空调|热水器|洗衣机|冰箱|床|沙发|衣柜|暖气|宽带网|可做饭|阳台|独立卫生间
我爱我家,fang_1676632,31.41,,492,5,低,1600,合租,付七,南,主,1,6,,1,1,30,1,20,20,3,20,20,20,20,20,20,71,114,41,63,2018/3/10 1:00,精,海淀,清河,电视|空调|热水器|洗衣机|冰箱|床|暖气|宽带网
,,29.17,,180,5,低,2000,合租,押二付十二,南,次,1,9,,1,3,20,1,20,12,5,20,15,20,20,20,20,111,73,93,52,2018/3/10 6:00,中,海淀,清河,电视|空调|热水器|洗衣机|冰箱|床|沙发|衣柜|暖气|宽带网|可做饭|阳台|独立卫生间
友谊光正,fang_1747813,30.6,,252,5,高,1300,合租,押一付四,东西,主,1,6,1987,1,3,16,1,20,20,13,20,20,20,20,20,20,91,136,58,51,2018/3/10 11:00,精,海淀,人民大学,空调|热水器|洗衣机|冰箱|床|沙发|衣柜|暖气|宽带网|阳台|独立卫生间
,,27.86,,322,6,中,2500,合租,(押一付一) (快速贷款),南,次,1,12,1984,1,3,23,1,20,20,9,20,14,20,20,20,20,108,67,76,34,2018/3/10 16:00,精,海淀,车道沟,电视|空调|热水器|洗衣机|冰箱|床|沙发|衣柜|暖气|宽带网|可做饭|阳台|独立卫生间
中润置家,fang_2233721,75.71,,264,11,中,900,合租,押一付十二,东,次,1,6,2006,1,3,12,1,20,20,15,20,20,20,20,20,20,89,68,73,65,2018/3/10 21:00,精,海淀,上地,热水器|床|衣柜|宽带网|可做饭|独立卫生间
我爱我家,fang_2226853,28.53,,120,2,低,3200,整租,"(押一付三 - 租房贷) 分期付,0压力 月供:835.67 元 利息:69 我要申请",南,,1,6,,1,2,30,1,20,20,15,20,20,20,20,20,20,144,69,52,64,2018/3/11 2:00,精,海淀,牡丹园,电视|空调|热水器|洗衣机|微波炉|冰箱|床|沙发|衣柜|暖气|宽带网|可做饭|阳台|独立卫生间
鸿盛地产,fang_2126950,19.98,,1253,22,中,1200,合租,押零付三,南,次,1,16,,1,2,16,1,20,20,7,20,17,20,20,20,20,125,54,72,41,2018/3/11 7:00,中,海淀,四季青,电视|空调|热水器|洗衣机|冰箱|床|暖气|宽带网
,,20.55,,120,2,,2600,整租,"押零付半年                 ",,,0,2,,0,1,18,1,20,20,5,20,20,20,20,20,20,153,137,48,78,2018/3/11 12:00,精,海淀,大钟寺,电视|空调|热水器|洗衣机|冰箱|床|沙发|衣柜|暖气|宽带网|可做饭|阳台|独立卫生间
我爱我家,fang_482820,0,,,,中,5200,整租,半年付不押,南北,,1,6,,1,2,73,1,20,20,17,20,20,20,20,20,20,103,92,98,54,2018/3/11 17:00,精,海淀,北大清华,电视|空调|热水器|洗衣机|冰箱|床|暖气|宽带网
博峰地产,fang_2164777,5.4,,180,45,中,5200,整租,押零付二,南北,,1,6,2003,1,2,65,1,20,20,11,20,20,20,20,20,20,87,86,102,67,2018/3/11 22:00,中,海淀,马连洼,电视|空调|热水器|洗衣机|冰箱|床|沙发|衣柜|暖气|宽带网|可做饭|阳台|独立卫生间
北京名远地产,fang_2191328,7.69,,102,28,中,2000,合租,押零付半年,南,次,1,15,2016,1,2,15,1,20,20,7,20,20,20,20,20,20,104,64,130,65,2018/3/12 3:00,精,海淀,清河,电视|空调|热水器|洗衣机|冰箱|床|暖气|宽带网
蛋壳公寓,fang_2248700,17.78,,1,1,中,2100,合租,,南,主,1,22,,1,3,20,1,20,20,11,20,20,20,20,20,20,85,75,47,86,2018/3/12 8:00,精,海淀,清河,电视|空调|热水器|洗衣机|冰箱|床|沙发|衣柜|暖气|宽带网|可做饭|阳台|独立卫生间
链家地产,fang_2166046,17.35,,288,1,高,4800,整租,押一付年,南,,1,17,2007,1,1,42,1,20,20,5,20,20,20,20,20,20,104,89,49,83,2018/3/12 13:00,中,海淀,双榆树,电视|空调|热水器|洗衣机|冰箱|床|沙发|衣柜|暖气|宽带网|可做饭|阳台|独立卫生间
中恒地产,fang_1563582,33.64,,165,1,中,20000,整租,押零付六,南北,,1,20,1985,2,3,200,2,20,20,12,20,20,20,20,20,20,82,97,72,50,2018/3/12 18:00,中,海淀,苏州街,电视|空调|热水器|洗衣机|微波炉|冰箱|床|沙发|衣柜|暖气|宽带网|可做饭|阳台|独立卫生间
,,50.81,,132,27,,1500,合租,押一付六,南,主,0,3,1960,1,1,15,1,20,20,11,20,20,20,20,20,20,109,103,69,34,2018/3/12 23:00,中,海淀,北大清华,电视|空调|热水器|洗衣机|冰箱|床|沙发|衣柜|暖气|宽带网|可做饭|阳台|独立卫生间
我爱我家,fang_2066004,51.43,,309,45,低,6800,整租,(押二付一),南北,,1,16,2000,1,2,58,1,20,20,13,20,20,20,20,20,20,95,145,38,51,2018/3/13 4:00,中,海淀,航天桥,电视|空调|热水器|洗衣机|冰箱|床|暖气|宽带网|可做饭
中恒地产,fang_49596,38.46,,56,14,中,7000,整租,押一付半年,南,,1,18,,1,1,69,1,20,20,6,20,20,20,20,20,20,105,103,95,82,2018/3/13 9:00,中,海淀,苏州街,电视|空调|热水器|洗衣机|冰箱|床|沙发|衣柜|暖气|宽带网|可做饭|阳台|独立卫生间
鹏辉地产,fang_2112214,52.98,,472,28,高,1300,合租,押零付年,南,次,1,27,1985,1,4,13,1,20,20,7,20,20,20,20,20,20,135,89,40,43,2018/3/13 14:00,简,海淀,清河,电视|空调|热水器|洗衣机|冰箱|床|暖气|宽带网
惠达家业,fang_2133144,33.66,,9,3,低,16800,整租,付一,南北,,1,7,,2,3,139,2,20,20,5,20,20,20,20,20,20,120,123,93,40,2018/3/13 19:00,精,海淀,北大清华,空调|热水器|洗衣机|冰箱|床|衣柜|暖气|可做饭|独立卫生间
我爱我家,fang_2227131,49.55,,40,19,高,12600,整租,押一付一,东西,,1,16,,2,3,117,2,20,4,2,20,7,20,20,20,11,46,68,37,27,2018/3/14 0:00,精,海淀,航天桥,电视|空调|热水器|洗衣机|微波炉|冰箱|床|沙发|衣柜|暖气|宽带网|可做饭|阳台|独立卫生间
链家地产,fang_2207169,31.32,,4,1,低,7200,整租,付六,南北,,1,12,2003,1,2,105,1,20,20,7,20,15,20,20,20,20,90,155,57,45,2018/3/14 5:00,精,海淀,田村,电视|空调|热水器|洗衣机|冰箱|床|沙发|衣柜|暖气|宽带网|可做饭|阳台|独立卫生间
,,25.51,,4,1,中,1500,整租,(押二付三),南北,,0,18,,1,1,50,1,20,20,7,20,20,20,20,20,20,116,70,128,40,2018/3/14 10:00,中,海淀,人民大学,电视|空调|热水器|洗衣机|冰箱|床|沙发|衣柜|暖气|宽带网|可做饭
中润置家,fang_2239864,24.56,,647,17,中,750,合租,(押一付三),南,次,1,6,1956,1,3,15,1,20,20,2,20,20,20,20,20,20,106,83,46,16,2018/3/14 15:00,中,海淀,田村,电视|空调|热水器|洗衣机|冰箱|床|沙发|衣柜|暖气|宽带网|可做饭|阳台
链家地产,fang_2228169,17.11,,129,1,低,6500,整租,(押一付三) (快速贷款),南,,1,6,1999,1,1,38,1,20,20,5,20,20,20,20,20,20,93,97,29,115,2018/3/14 20:00,中,海淀,二里庄,电视|空调|热水器|洗衣机|冰箱|床|沙发|衣柜|暖气|宽带网|可做饭|阳台|独立卫生间
我爱我家,fang_2169898,39.37,,9,1,中,6300,整租,(押一付二),南北,,1,6,,1,2,70,1,20,20,10,20,20,20,20,20,20,88,151,105,25,2018/3/15 1:00,中,海淀,双榆树,电视|空调|热水器|洗衣机|冰箱|床|沙发|衣柜|暖气|宽带网|可做饭|阳台|独立卫生间
我爱我家,fang_1878477,29,,132,3,中,5000,整租,付四,南,,1,12,1980,1,1,55,1,20,19,1,20,20,20,20,20,20,125,42,78,83,2018/3/15 6:00,中,海淀,公主坟,电视|空调|热水器|洗衣机|冰箱
链家地产,fang_1922811,42.19,,8,2,高,14000,整租,NULL,东南,,1,21,,1,3,204,2,20,20,10,20,20,20,20,20,20,168,56,91,66,2018/3/15 11:00,中,海淀,北太平庄,电视|空调|热水器|洗衣机|冰箱|床|沙发|衣柜|暖气|宽带网|可做饭|阳台|独立卫生间
我爱我家,fang_143473,48.95,,17,8,中,4300,整租,押二付三,南北,,1,6,1960,1,2,65,1,20,20,2,20,20,20,20,20,20,84,73,46,63,2018/3/15 16:00,精,海淀,清河,空调|热水器|洗衣机|床|衣柜|暖气|宽带网|可做饭|独立卫生间
北京名远地产,fang_2191328,51.15,,204,51,中,1500,合租,付三,南,次,1,6,,1,2,16,1,20,20,,20,20,20,20,20,20,149,86,62,61,2018/3/15 21:00,中,海淀,田村,电视|空调|热水器|洗衣机|冰箱|床|沙发|衣柜|暖气|宽带网|可做饭|阳台|独立卫生间
搜房网房天下,fang_590273,43.53,,124,31,低,6800,整租,月付,南北,,1,6,,1,2,65,1,20,20,11,20,20,20,20,20,20,144,96,86,60,2018/3/16 2:00,简,海淀,牡丹园,电视|空调|热水器|洗衣机|冰箱|暖气
同程地产,fang_2234993,51.03,,4,1,低,2000,合租,半年付,南,次,1,30,,1,2,25,1,20,12,,20,20,20,20,16,20,141,119,25,91,2018/3/16 7:00,精,海淀,北大清华,电视|空调|热水器|洗衣机|微波炉|冰箱|床|沙发|衣柜|暖气|宽带网|可做饭|阳台|独立卫生间
我爱我家,fang_1878587,24.68,,42,1,高,5000,整租,其他,南,,1,16,1985,1,1,85,1,20,8,2,20,15,20,20,20,20,24,43,100,59,2018/3/16 12:00,精,海淀,苏州街,电视|空调|热水器|洗衣机|冰箱|床|沙发|衣柜|暖气|宽带网|可做饭|阳台|独立卫生间
我爱我家,fang_2227016,37.5,,8,2,中,6900,整租,押三付半年,南北,,1,19,1960,1,2,90,1,20,20,5,20,20,20,20,20,20,77,90,45,107,2018/3/16 17:00,精,海淀,交通大学,电视|空调|热水器|洗衣机|冰箱|床|沙发|衣柜|暖气|宽带网|可做饭|阳台|独立卫生间
中天置地,fang_2058886,25.32,,16,4,低,2200,合租,押零付一年,南北,主,1,6,,1,3,25,1,20,20,2,20,17,20,20,20,20,107,128,66,31,2018/3/16 22:00,中,海淀,二里庄,电视|空调|热水器|洗衣机|冰箱|床|沙发|衣柜|暖气|宽带网|可做饭|阳台|独立卫生间
麦田房产,fang_2115523,51.72,,782,13,高,18000,整租,,南北,,1,8,1988,2,3,151,2,20,20,4,20,20,20,20,20,20,149,89,38,55,2018/3/17 3:00,精,海淀,上地,电视|空调|热水器|洗衣机|冰箱|床|沙发|衣柜|暖气|宽带网|可做饭|阳台|独立卫生间
北京宏天伟业房地产经纪有限公司,fang_1225009,52.46,,4,1,高,6500,整租,押一付一年,南北,,1,6,,1,3,90,1,20,20,10,20,20,20,20,20,20,157,103,63,33,2018/3/17 8:00,中,海淀,北太平庄,电视|空调|热水器|洗衣机|冰箱|床|沙发|衣柜|暖气|宽带网|可做饭|阳台|独立卫生间
我爱我家,fang_215395,30.47,,6,3,中,3800,整租,年付,南,,1,6,,1,1,45,1,20,20,5,20,20,20,20,20,20,68,89,65,105,2018/3/17 13:00,精,海淀,清河,电视|空调|热水器|洗衣机|冰箱|床|沙发|衣柜|暖气|宽带网|可做饭|阳台|独立卫生间
金路达,fang_2196089,36.9,,183,38,,2200,整租,押一付十一,南北,,1,4,1990,1,1,23,1,20,20,2,20,20,20,20,20,20,112,96,45,46,2018/3/17 18:00,中,海淀,定慧寺,电视|空调|热水器|洗衣机|冰箱|床|暖气|宽带网
我爱我家,fang_2136522,52.28,,4,1,低,2899,整租,押二付六,南,,1,6,,1,4,15,1,20,20,5,20,20,20,20,20,20,88,78,44,113,2018/3/17 23:00,精,海淀,定慧寺,电视|空调|热水器|洗衣机|冰箱|床|沙发|衣柜|暖气|宽带网|可做饭|阳台|独立卫生间
中润置家,fang_2240023,43.53,,12,3,中,1500,合租,,南,次,1,6,,1,3,18,1,20,20,13,20,20,20,20,20,20,123,111,28,54,2018/3/18 4:00,豪,海淀,上地,电视|空调|热水器|洗衣机|冰箱|床|沙发|衣柜|暖气|宽带网|可做饭|阳台|独立卫生间
我爱我家,fang_2229150,18.97,,1,1,中,4500,整租,(押一付年),东,,1,24,,1,1,61,1,20,20,9,20,20,20,20,20,20,101,157,78,111,2018/3/18 9:00,精,海淀,公主坟,电视|空调|热水器|洗衣机|冰箱|暖气
北京链家房地产经纪有限公司,fang_2061067,31.51,,129,2,高,6800,整租,押零付一,东西,,1,6,1986,1,2,91,1,20,16,2,20,20,20,20,20,20,108,107,102,14,2018/3/18 14:00,精,海淀,马连洼,电视|空调|热水器|洗衣机|微波炉|冰箱|床|沙发|衣柜|暖气|宽带网|可做饭|阳台|独立卫生间
恒产嘉业,fang_1071373,47.98,,8,2,中,4800,整租,付十二,南北,,1,6,,1,2,68,1,20,20,14,20,20,20,20,20,20,123,63,53,66,2018/3/18 19:00,精,海淀,马连洼,电视|空调|热水器|洗衣机|冰箱|床|沙发|衣柜|暖气|宽带网|可做饭|阳台|独立卫生间
博峰地产,fang_2143983,43.33,,90,1,高,5000,整租,押一付二,南北,,1,6,,1,2,65,1,20,20,14,20,20,20,20,20,20,109,92,58,52,2018/3/19 0:00,精,海淀,马连洼,电视|空调|洗衣机|微波炉|冰箱|床|衣柜|宽带网|可做饭
我爱我家,fang_2137970,40.45,,124,34,中,4800,整租,押一付半年peizhi[],南北,,1,6,1970,1,2,78,1,20,20,3,20,20,20,20,20,20,131,128,37,21,2018/3/19 5:00,精,海淀,清河,空调|热水器|暖气|宽带网|可做饭|独立卫生间
,,26.67,,12,3,高,6500,整租,押3付4,,,0,16,,1,2,60,1,20,20,8,20,17,20,20,20,20,113,54,76,85,2018/3/19 10:00,中,海淀,蓟门桥,
我爱我家,fang_1277579,46.9,,108,2,高,5900,整租,押二付半年,南北,,1,19,1977,1,2,65,1,20,20,13,20,20,20,20,20,20,107,119,119,71,2018/3/19 15:00,中,海淀,牡丹园,电视|空调|热水器|洗衣机|冰箱|床|沙发|衣柜|暖气|宽带网|可做饭|阳台|独立卫生间
链家地产,fang_2228227,60.43,,32,10,高,11000,整租,(押一付三 - 租房贷),南北,,1,7,2012,2,3,155,2,20,20,6,20,20,20,20,20,20,85,81,89,46,2018/3/19 20:00,中,海淀,上地,电视|空调|热水器|洗衣机|冰箱|床|沙发|衣柜|暖气|宽带网|可做饭|阳台|独立卫生间
同城房产,fang_2235222,50.09,,292,73,中,750,合租,押三付二,南,隔断,1,6,1988,1,3,12,1,20,20,4,20,20,20,20,20,20,79,75,93,45,2018/3/20 1:00,精,海淀,清河,电视|空调|热水器|洗衣机|冰箱|床|沙发|衣柜|暖气|宽带网|可做饭|阳台|独立卫生间
我爱我家,fang_2227436,37.06,,89,23,低,4500,整租,押二付四,南北,,1,6,,1,1,60,1,20,20,9,20,20,20,20,20,20,136,77,48,83,2018/3/20 6:00,中,海淀,公主坟,电视|空调|热水器|洗衣机|冰箱|床|暖气|宽带网
,,29.79,,89,2,高,900,合租,面议,南,隔断,1,6,1985,1,3,16,1,20,20,12,20,20,20,20,20,20,128,92,80,65,2018/3/20 11:00,中,海淀,清河,电视|空调|热水器|洗衣机|冰箱|床|沙发|衣柜|暖气|宽带网|可做饭|阳台|独立卫生间
我爱我家,fang_2227436,27.77,,1,1,中,5800,整租,付二,南北,,1,6,,1,3,81,1,20,20,12,20,20,20,20,20,20,112,129,47,49,2018/3/20 16:00,精,海淀,公主坟,电视|空调|热水器|洗衣机|冰箱|床|沙发|衣柜|暖气|宽带网|可做饭|阳台|独立卫生间
国泰大成,fang_2205934,64.35,,20,5,中,5500,整租,年付不押,南北,,1,6,,1,3,90,2,20,20,3,20,20,20,20,20,20,50,40,153,25,2018/3/20 21:00,精,海淀,田村,空调|热水器|洗衣机|冰箱|床|沙发|衣柜|暖气|宽带网|可做饭
,,52.27,,244,61,,1550,合租,不限,南北,次,0,5,1904,1,3,15,1,20,15,8,20,20,20,20,20,20,80,80,81,34,2018/3/21 2:00,精,海淀,上地,电视|空调|热水器|洗衣机|冰箱|床|沙发|衣柜|暖气|宽带网|可做饭|阳台
鹏基伟业房地产,fang_2185118,38.2,,298,6,低,1650,合租,(押一付年),南,主,1,6,1989,1,3,21,1,20,10,1,20,13,20,20,18,15,29,54,84,38,2018/3/21 7:00,精,海淀,上地,空调|热水器|洗衣机|冰箱|床|沙发|衣柜|暖气|宽带网|可做饭|阳台|独立卫生间
鹏基伟业房地产,fang_2185115,26.08,,144,1,低,2000,合租,押零付一,南,次,1,6,1990,1,3,18,1,20,20,15,20,20,20,20,20,20,159,75,57,39,2018/3/21 12:00,精,海淀,二里庄,电视|空调|热水器|洗衣机|冰箱|床|沙发|衣柜|暖气|可做饭|阳台|独立卫生间
鑫居房产,fang_1760701,51.92,,6,3,中,2400,合租,押零付年,南,次,1,6,,1,3,25,1,20,20,13,20,20,20,20,20,20,100,127,64,41,2018/3/21 17:00,中,海淀,人民大学,电视|空调|热水器|洗衣机|冰箱|床|暖气|宽带网
,,75.69,,165,2,低,6300,整租,押零付一,,,0,19,2000,0,2,70,0,20,20,8,20,20,20,20,20,20,131,61,88,74,2018/3/21 22:00,中,海淀,航天桥,电视|空调|热水器|洗衣机|冰箱|床|沙发|衣柜|暖气|宽带网|可做饭|阳台
鼎盛世纪,fang_2100042,36.75,,77,1,中,5000,整租,押一付半年peizhi[],南,,1,6,,1,1,55,1,20,20,13,20,20,20,20,20,20,138,96,42,72,2018/3/22 3:00,中,海淀,双榆树,电视|空调|热水器|洗衣机|冰箱|床|沙发|衣柜|暖气|宽带网|可做饭|阳台|独立卫生间
天雨金润,fang_2249549,30.56,,156,31,,5500,整租,押三付四,南北,,1,3,1988,1,1,87,1,20,20,9,20,20,20,20,20,20,125,71,128,66,2018/3/22 8:00,中,海淀,四季青,电视|微波炉|沙发|阳台
北京鸿盛伟业房地产经纪有限公司,fang_2057867,26.26,,92,28,中,2000,合租,押二付半年,南,主,1,12,,1,2,20,1,20,20,4,20,20,20,20,20,20,118,94,67,46,2018/3/22 13:00,中,海淀,四季青,床
金泰合,fang_2197492,50,,12,3,低,2600,合租,押零付三,东,主,1,8,,1,2,26,1,20,20,5,20,20,20,20,20,20,101,97,32,112,2018/3/22 18:00,中,海淀,马连洼,电视|空调|热水器|洗衣机|冰箱|床|暖气|宽带网
中润置家,fang_2233819,53.57,,4,1,,750,合租,押零付一,南,次,1,4,,1,3,15,1,20,20,7,20,20,20,20,20,20,84,72,157,58,2018/3/22 23:00,精,海淀,四季青,电视|空调|热水器|洗衣机|冰箱|床|沙发|衣柜|暖气|宽带网|可做饭|阳台|独立卫生间
我爱我家,fang_1615069,23.18,,86,3,高,9000,整租,押零付一,南,,1,9,1959,1,2,105,1,20,20,4,20,20,20,20,20,20,126,96,25,139,2018/3/23 4:00,中,海淀,牡丹园,电视|空调|热水器|洗衣机|冰箱|床|沙发|衣柜|暖气|宽带网|可做饭|阳台
蛋壳公寓,fang_2182767,31.48,,285,7,中,2660,合租,面议,南,主,1,28,1963,1,2,24,1,20,20,5,20,20,20,20,20,20,71,143,29,80,2018/3/23 9:00,简,海淀,上地,空调|热水器|洗衣机|冰箱|床|衣柜|暖气|宽带网|可做饭
我爱我家,fang_1553411,32.01,,273,45,低,7200,整租,押零付一,西南,,1,18,1987,1,2,65,1,20,20,4,20,18,20,20,20,20,94,148,166,30,2018/3/23 14:00,中,海淀,牡丹园,电视|空调|热水器|洗衣机|冰箱|床|沙发|衣柜|暖气|宽带网|可做饭|阳台|独立卫生间
我爱我家,fang_1757372,34.18,,28,1,中,6800,整租,押零付年,南北,,1,12,,1,2,90,1,20,19,5,20,20,20,20,20,20,96,125,28,32,2018/3/23 19:00,精,海淀,定慧寺,电视|空调|热水器|洗衣机|冰箱|床|沙发|衣柜|暖气|宽带网|可做饭
链家地产,fang_407154,45,,158,39,中,4900,整租,不限,东南,,1,19,2008,1,1,62,1,20,20,8,20,20,20,20,20,20,143,73,87,53,2018/3/24 0:00,中,海淀,安宁庄,电视|空调|热水器|洗衣机|冰箱|床|暖气|宽带网
旭霄,fang_1192212,0,,,,高,6900,整租,押一付三,西南,,1,15,,1,3,80,1,20,13,7,20,19,20,20,20,20,45,83,122,10,2018/3/24 5:00,中,海淀,公主坟,电视|空调|热水器|洗衣机|冰箱|床|沙发|衣柜|暖气|宽带网|可做饭|阳台|独立卫生间
我爱我家,fang_2226869,13.33,,,,中,6200,整租,押一付三,南北,,1,6,,1,2,61,1,20,20,15,20,20,20,20,20,20,118,103,123,44,2018/3/24 10:00,豪,海淀,马甸,电视|空调|热水器|洗衣机|冰箱|床|沙发|衣柜|暖气|宽带网|可做饭|阳台|独立卫生间
,,11.39,,77,3,中,3200,合租,押零付半年,,次,0,21,1978,1,3,21,2,20,20,7,20,20,20,20,20,20,119,157,30,59,2018/3/24 15:00,精,海淀,苏州街,电视|空调|热水器|洗衣机|微波炉|冰箱|床|沙发|衣柜|暖气|宽带网|可做饭|阳台|独立卫生间
链家地产,fang_2138736,20.83,,714,16,高,10000,整租,押零付三,南北,,1,6,1980,2,2,133,2,20,5,1,20,16,20,20,20,18,31,56,92,23,2018/3/24 20:00,精,海淀,四季青,电视|空调|热水器|洗衣机|冰箱|床|沙发|衣柜|暖气|宽带网|可做饭|阳台|独立卫生间
中润置家,fang_2233815,16.55,,48,1,中,1850,合租,其他,南,主,1,6,,1,3,30,1,20,20,4,20,20,20,20,20,20,150,91,58,72,2018/3/25 1:00,精,海淀,四季青,电视|空调|热水器|洗衣机|微波炉|冰箱|床|沙发|衣柜|暖气|宽带网|可做饭|阳台|独立卫生间
我爱我家,fang_621044,22.66,,81,2,中,4700,整租,押零付一,南,,1,6,1984,1,1,50,1,20,20,3,20,20,20,20,20,20,158,119,38,14,2018/3/25 6:00,中,海淀,二里庄,电视|空调|热水器|洗衣机|微波炉|冰箱|床|沙发|衣柜|暖气|宽带网|可做饭|阳台|独立卫生间
福牛地产,fang_2192556,42.98,,132,3,中,730,合租,押零付年,南,,1,6,1987,1,3,20,1,20,20,3,20,20,20,20,20,20,101,95,57,101,2018/3/25 11:00,中,海淀,交通大学,电视|空调|热水器|洗衣机|冰箱|床|暖气|宽带网
我爱我家,fang_2226960,41.84,,108,1,低,12600,整租,押三付二,东,,1,16,,1,3,120,1,20,20,16,20,20,20,20,20,20,79,153,49,62,2018/3/25 16:00,精,海淀,魏公村,电视|空调|热水器|洗衣机|冰箱|床|沙发|衣柜|暖气|宽带网|可做饭|阳台|独立卫生间
中天置地,fang_2229364,19.59,,427,4,低,1100,合租,押二付年,南,隔断,1,6,2002,1,3,13,1,20,20,2,20,20,20,20,20,20,90,103,47,64,2018/3/25 21:00,精,海淀,人民大学,电视|空调|洗衣机|冰箱|床|沙发|衣柜|暖气|可做饭|阳台|独立卫生间
我爱我家,fang_2229217,36.74,,1,1,低,3800,整租,押零付十一,南,,1,9,,1,1,52,1,20,20,9,20,20,20,20,20,20,148,101,48,62,2018/3/26 2:00,精,海淀,马连洼,热水器|洗衣机|床|沙发|独立卫生间
中润置家,fang_2239865,44.74,,276,9,中,1800,合租,押零付一,南,主,1,6,2001,1,3,23,1,20,20,10,20,20,20,20,20,20,127,114,38,60,2018/3/26 7:00,精,海淀,北大清华,电视|空调|热水器|洗衣机|冰箱|床|沙发|衣柜|暖气|宽带网|可做饭|阳台|独立卫生间
我爱我家,fang_1205092,24.13,,72,1,中,4200,整租,(押一付半年),东,,1,6,2000,1,1,45,1,20,20,5,20,20,20,20,20,20,76,98,48,96,2018/3/26 12:00,简,海淀,公主坟,电视|空调|热水器|洗衣机|冰箱|床|沙发|衣柜|暖气|宽带网|可做饭|阳台|独立卫生间
我爱我家,fang_1920627,30.9,,1873,31,高,1600,合租,押零付年,西,次,1,6,1977,1,2,17,1,20,20,15,20,20,20,20,20,20,121,128,36,59,2018/3/26 17:00,豪,海淀,清河,电视|空调|热水器|洗衣机|冰箱|床|沙发|衣柜|暖气|宽带网|可做饭|阳台|独立卫生间
,,72.5,,48,1,中,4500,整租,押二付半年,南,,0,15,,1,2,55,1,20,20,10,20,20,20,20,20,20,117,100,127,101,2018/3/26 22:00,中,海淀,田村,电视|空调|热水器|洗衣机|微波炉|冰箱|床|沙发|衣柜|暖气|可做饭|阳台|独立卫生间
我爱我家,fang_2122072,38.04,,386,6,高,2500,合租,押零付一,南,主,1,6,1997,1,2,22,1,20,20,6,20,20,20,20,20,20,104,127,70,45,2018/3/27 3:00,中,海淀,定慧寺,
,,69.8,,220,5,低,2600,合租,押二付五,,租单,0,18,1989,1,3,12,1,20,20,15,20,20,20,20,20,20,90,98,55,88,2018/3/27 8:00,中,海淀,明光桥,电视|空调|热水器|洗衣机|冰箱|床|暖气|宽带网
众意地产,fang_2151559,32.49,,240,3,高,15000,整租,押零付三,南北,,1,19,1989,2,3,145,2,20,20,4,20,20,20,20,20,20,45,71,104,96,2018/3/27 13:00,简,海淀,北大清华,电视|空调|热水器|洗衣机|冰箱|床|沙发|衣柜|暖气|宽带网|可做饭|阳台|独立卫生间
我爱我家,fang_2226853,30.13,,2,1,高,4500,整租,押零付年,南,,1,6,,1,1,50,1,20,20,,20,20,20,20,20,20,79,110,29,75,2018/3/27 18:00,中,海淀,牡丹园,电视|空调|热水器|洗衣机|冰箱|床|沙发|衣柜|暖气|宽带网|可做饭|阳台|独立卫生间
中金地产,fang_1942445,54.75,,72,1,低,4300,整租,押三付年,南,,1,10,1988,1,1,48,1,20,20,5,20,20,20,20,20,20,112,98,75,59,2018/3/27 23:00,精,海淀,马连洼,电视|空调|热水器|洗衣机|冰箱|床|暖气|宽带网
,,25.98,,298,185,高,1800,合租,押零付三,南,次,0,25,1991,1,3,18,1,20,20,5,20,20,20,20,20,20,64,120,122,11,2018/3/28 4:00,简,海淀,大钟寺,电视|空调|热水器|洗衣机|冰箱|床|沙发|衣柜|暖气|宽带网|可做饭|阳台|独立卫生间
蛋壳公寓,fang_2248740,39.3,,48,1,高,2400,合租,押零付一,南,主,1,23,1983,1,3,25,1,20,20,13,20,20,20,20,20,20,115,66,34,81,2018/3/28 9:00,中,海淀,清河,电视|空调|热水器|洗衣机|微波炉|冰箱|床|沙发|衣柜|暖气|宽带网|可做饭|阳台|独立卫生间
,,28.59,,50,2,中,900,合租,押零付三,北,次,0,6,2001,1,3,10,1,20,20,8,20,20,20,20,20,20,160,122,41,100,2018/3/28 14:00,简,海淀,上地,电视|空调|热水器|洗衣机|冰箱|床|暖气|宽带网
链家地产,fang_2207177,29.13,,4039,44,高,3430,合租,押零付一,南,主,1,24,2005,1,4,15,2,20,20,12,20,20,20,20,20,20,86,121,46,80,2018/3/28 19:00,中,海淀,牡丹园,空调|热水器|洗衣机|床|沙发|衣柜|暖气|宽带网|可做饭|独立卫生间
,,41.6,,150,2,中,6500,整租,押零付十一,南北,,1,16,1997,1,1,65,1,20,20,13,20,20,20,20,20,20,82,68,98,60,2018/3/29 0:00,精,海淀,花园桥,电视|空调|热水器|洗衣机|冰箱|床|沙发|衣柜|暖气|宽带网|可做饭|阳台|独立卫生间
博峰地产,fang_2143983,48.58,,108,1,高,4900,整租,押零付一,东西,,1,6,,1,2,65,1,20,20,8,20,20,20,20,20,20,172,71,50,23,2018/3/29 5:00,精,海淀,马连洼,电视|空调|热水器|洗衣机|冰箱|床|沙发|衣柜|暖气|宽带网|可做饭|阳台|独立卫生间
鹏基伟业房地产,fang_2185114,66.85,,71,1,低,1800,合租,无押付半年,南,次,1,6,,1,3,22,1,20,20,9,20,20,20,20,20,20,120,82,64,92,2018/3/29 10:00,简,海淀,马连洼,电视|空调|热水器|洗衣机|微波炉|冰箱|床|沙发|衣柜|暖气|宽带网|可做饭|阳台|独立卫生间
博峰地产,fang_2143983,41.57,,1668,32,低,6500,整租,押一付半年,南北,,1,6,1975,1,3,88,1,20,20,8,20,20,20,20,20,20,110,136,72,55,2018/3/29 15:00,精,海淀,马连洼,可做饭|阳台|独立卫生间
链家地产,fang_2228265,20.88,,882,12,中,7800,整租,押零付年,西南,,1,23,2000,1,2,72,1,20,20,14,20,20,20,20,20,20,137,118,57,52,2018/3/29 20:00,精,海淀,牡丹园,电视|空调|热水器|洗衣机|冰箱|床|沙发|衣柜|暖气|宽带网|可做饭|阳台|独立卫生间
我爱我家,fang_2226851,32.88,,476,6,中,6000,整租,押零付一,东南,,1,18,1999,1,2,68,1,20,20,5,20,20,20,20,20,20,97,150,24,61,2018/3/30 1:00,精,海淀,牡丹园,电视|空调|热水器|洗衣机|微波炉|冰箱|床|沙发|衣柜|暖气|宽带网|可做饭|阳台|独立卫生间
,,35.63,,50,49,低,5500,整租,押零付一,西南,,0,6,2004,1,2,60,1,20,20,6,20,20,20,20,20,20,169,52,63,65,2018/3/30 6:00,中,海淀,二里庄,电视|空调|热水器|洗衣机|冰箱|床|沙发|衣柜|暖气|宽带网|可做饭|阳台|独立卫生间
,,11.73,,2,7,低,1600,整租,押零付年,南,,0,6,,1,2,20,1,20,20,6,20,20,20,20,20,20,106,179,29,30,2018/3/30 11:00,简,海淀,四季青,电视|空调|热水器|洗衣机|冰箱|床|沙发|衣柜|暖气|宽带网|可做饭|独立卫生间
中润置家,fang_2234989,27.91,,92,1,中,1300,合租,押零付三,南,主,1,6,,1,3,20,1,20,20,10,20,20,20,20,20,20,109,106,39,86,2018/3/30 16:00,中,海淀,四季青,电视|空调|热水器|洗衣机|冰箱|床|沙发|衣柜|暖气|宽带网|可做饭|阳台|独立卫生间
,,58.39,,649,8,低,1200,合租,押零付三,南,次,1,6,1980,1,2,17,1,20,20,11,20,20,20,20,20,20,94,76,42,89,2018/3/30 21:00,精,海淀,人民大学,电视|空调|热水器|洗衣机|冰箱|床|沙发|衣柜|暖气|宽带网|可做饭|阳台|独立卫生间
中天置地,fang_2202916,23.21,,2021,24,低,2000,合租,押零付半年,南,次,1,20,1992,1,3,20,1,20,20,3,20,15,20,20,20,20,105,106,70,47,2018/3/31 2:00,精,海淀,世纪城,电视|空调|热水器|洗衣机|冰箱|床|沙发|衣柜|暖气|宽带网|可做饭|阳台|独立卫生间
我爱我家,fang_1473842,25.89,,60,1,低,4800,整租,押零付一,南北,,1,6,1994,1,2,70,1,20,20,4,20,20,20,20,20,20,121,160,30,82,2018/3/31 7:00,精,海淀,清河,电视|空调|热水器|洗衣机|冰箱|床|沙发|衣柜|暖气|宽带网|可做饭|阳台|独立卫生间
北京名远地产,fang_2134106,30.58,,1038,18,中,1500,合租,押零付半年,南,次,1,12,1986,1,3,12,1,20,20,6,20,20,20,20,20,20,81,117,72,90,2018/3/31 12:00,中,海淀,四季青,电视|空调|热水器|洗衣机|冰箱|床|沙发|衣柜|暖气|宽带网|可做饭|阳台|独立卫生间
我爱我家,fang_2226851,33.53,,60,1,低,3300,合租,押一付三,南,主,1,12,,1,3,25,1,20,20,12,20,20,20,20,20,20,105,119,65,65,2018/3/31 17:00,中,海淀,牡丹园,电视|空调|热水器|洗衣机|冰箱|床|沙发|衣柜|暖气|可做饭|阳台|独立卫生间
天淇地产,fang_2194073,42.27,,324,7,高,700,整租,押一付年,东,,1,28,1992,0,1,20,1,20,20,8,20,20,20,20,20,20,118,150,43,107,2018/3/31 22:00,豪,海淀,五道口,电视|空调|热水器|洗衣机|冰箱|床|沙发|衣柜|暖气|宽带网|可做饭|阳台|独立卫生间
鹏基伟业房地产,fang_1388014,15.12,,168,2,中,1314,合租,押零付半年,南,次,1,6,2002,2,3,21,2,20,20,11,20,20,20,20,20,20,117,97,67,104,2018/4/1 3:00,精,海淀,上地,电视|空调|热水器|洗衣机|冰箱|床|沙发|衣柜|暖气|宽带网|可做饭|阳台|独立卫生间
我爱我家,fang_2229160,50.8,,717,18,,6000,整租,押零付半年,南北,,1,5,1982,1,2,65,1,20,20,5,20,20,20,20,20,20,116,58,56,73,2018/4/1 8:00,中,海淀,北太平庄,电视|空调|热水器|洗衣机|微波炉|冰箱|床|沙发|衣柜|暖气|宽带网|可做饭|阳台
链家地产,fang_1922205,41.63,,25,1,低,7000,整租,押零付一,西南,,1,16,,1,2,61,1,20,20,5,20,10,20,20,20,20,79,82,69,22,2018/4/1 13:00,中,海淀,牡丹园,电视|空调|热水器|洗衣机|冰箱|床|暖气|宽带网
我爱我家,fang_1552173,35.82,,904,14,中,6300,整租,押一付半年,南北,,1,6,1998,1,2,65,1,20,20,10,20,20,20,20,20,20,65,114,89,68,2018/4/1 18:00,精,海淀,交通大学,可做饭|阳台|独立卫生间
北京名远地产,fang_2134106,59.14,,126,3,低,2300,合租,押零付年,南,主,1,6,1996,1,3,20,1,20,20,9,20,20,20,20,20,20,151,65,39,67,2018/4/1 23:00,中,海淀,五道口,电视|空调|热水器|洗衣机|冰箱|床|沙发|衣柜|暖气|宽带网|可做饭|阳台|独立卫生间
我爱我家,fang_2205165,57.25,,120,3,中,7000,整租,押零付一,南北,,1,6,1994,1,2,65,1,20,20,3,20,20,20,20,20,20,93,73,51,79,2018/4/2 4:00,中,海淀,牡丹园,电视|空调|热水器|洗衣机|微波炉|冰箱|床|沙发|衣柜|暖气|宽带网|可做饭|阳台|独立卫生间
,,21.52,,2178,5,,8000,整租,押零付一,南北,,1,5,2001,1,3,64,1,20,20,9,20,20,20,20,20,20,142,73,51,56,2018/4/2 9:00,豪,海淀,甘家口,电视|空调|热水器|洗衣机|冰箱|床|沙发|衣柜|暖气|宽带网|可做饭|阳台|独立卫生间
亿成房地产,fang_1707225,6.25,,,,中,7000,整租,押零付半年,南北,,1,6,,1,2,90,1,20,20,12,20,20,20,20,20,20,119,132,44,32,2018/4/2 14:00,精,海淀,马连洼,热水器|洗衣机|冰箱|床|沙发|衣柜|暖气|宽带网
金华爱家,fang_2173702,4.55,,,,中,2000,合租,押零付三,南,次,1,6,,1,3,23,1,20,20,5,20,20,20,20,20,20,96,72,77,76,2018/4/2 19:00,中,海淀,牡丹园,电视|空调|热水器|洗衣机|冰箱|床|沙发|衣柜|暖气|宽带网|可做饭|阳台|独立卫生间
,fang_1977462,26.39,,,,中,1700,合租,押零付三,南,次,1,25,,1,3,18,1,20,20,13,20,20,20,20,20,20,125,190,36,60,2018/4/3 0:00,中,海淀,大钟寺,电视|空调|热水器|洗衣机|冰箱|床|沙发|衣柜|暖气|可做饭|阳台|独立卫生间
我爱我家,fang_2120628,25.71,,,,中,6200,整租,押零付三,南北,,1,6,,1,3,90,1,20,20,15,20,20,20,20,20,20,96,76,78,66,2018/4/3 5:00,精,海淀,上地,电视|空调|热水器|洗衣机|冰箱|床|暖气|宽带网
,,16.35,,516,8,低,800,合租,押零付一,,主,0,16,1990,1,3,8,2,20,12,,20,20,20,20,15,20,171,90,65,19,2018/4/3 10:00,精,海淀,清河,电视|空调|热水器|洗衣机|冰箱|床|沙发|衣柜|暖气|宽带网|可做饭|阳台|独立卫生间
,,27.18,,1077,4,中,4500,整租,押零付一,南北,,1,6,1999,1,2,60,1,20,12,,20,15,20,20,20,20,71,51,85,21,2018/4/3 15:00,中,海淀,上地,电视|空调|热水器|洗衣机|冰箱|床|沙发|衣柜|暖气|宽带网|可做饭|阳台|独立卫生间
铸家房地产,fang_2243908,58.52,,803,15,高,1800,合租,押一付三,北,次,1,6,1990,1,3,15,1,20,20,11,20,20,20,20,20,20,161,76,45,77,2018/4/3 20:00,中,海淀,二里庄,电视|空调|热水器|洗衣机|冰箱|床|沙发|衣柜|暖气|宽带网|可做饭|阳台|独立卫生间
我爱我家,fang_215393,29.6,,180,4,中,3800,整租,押零付三,南,,1,6,1982,1,1,55,1,20,20,4,20,20,20,20,20,20,60,35,76,105,2018/4/4 1:00,中,海淀,上地,空调|热水器|床|衣柜|暖气|宽带网|独立卫生间
,,30.02,,208,2,中,2000,合租,押零付三,北,次,1,15,1990,1,3,20,1,20,20,4,20,18,20,20,20,20,160,96,26,81,2018/4/4 6:00,中,海淀,田村,电视|空调|热水器|洗衣机|冰箱|床|沙发|衣柜|暖气|宽带网|可做饭|阳台|独立卫生间
中润置家,fang_2233812,31,,1026,3,高,2600,合租,月付,南,次,1,17,2007,1,3,30,1,20,20,4,20,20,20,20,20,20,123,91,34,74,2018/4/4 11:00,中,海淀,四季青,电视|空调|热水器|洗衣机|冰箱|床|沙发|衣柜|暖气|宽带网|可做饭|阳台|独立卫生间
我爱我家,fang_2208505,38.57,,72,1,中,2600,合租,押零付半年,南,租单,1,23,1992,1,1,25,1,20,19,3,20,20,20,20,20,20,121,75,51,56,2018/4/4 16:00,精,海淀,清河,电视|空调|热水器|洗衣机|冰箱|床|沙发|衣柜|暖气|宽带网|可做饭|阳台
鸿盛伟业,fang_1575755,27.07,,180,2,中,1500,合租,其他,南,次,1,6,2003,1,2,15,1,20,13,,20,20,20,20,16,20,131,48,21,126,2018/4/4 21:00,精,海淀,定慧寺,
北京宏天伟业房地产经纪有限公司,fang_452679,31.15,,420,7,高,4500,整租,押三付半年,南北,,1,6,1988,1,2,60,1,20,20,,20,20,20,20,20,20,45,109,76,58,2018/4/5 2:00,精,海淀,五棵松,空调|热水器|洗衣机|冰箱|床|衣柜|暖气|宽带网|可做饭|阳台
我爱我家,fang_2229116,35.6,,303,5,中,6200,整租,押零付一,南,,1,6,1985,1,2,80,1,20,20,6,20,20,20,20,20,20,131,64,42,55,2018/4/5 7:00,简,海淀,北太平庄,电视|空调|热水器|洗衣机|冰箱|床|沙发|衣柜|暖气|宽带网|可做饭|阳台|独立卫生间
,,47.73,,1307,18,中,4800,整租,押一付三,南,,0,28,1986,1,2,68,1,20,20,2,20,20,20,20,20,20,123,119,33,41,2018/4/5 12:00,中,海淀,清河,电视|空调|热水器|洗衣机|冰箱|床|沙发|衣柜|暖气|宽带网|可做饭|阳台|独立卫生间
蛋壳公寓,fang_2248679,32.22,,0,0,高,1800,合租,押零付一,南,主,1,26,,1,3,19,1,20,20,4,20,20,20,20,20,20,144,97,28,76,2018/4/5 17:00,精,海淀,马连洼,电视|空调|热水器|洗衣机|冰箱|床|沙发|衣柜|暖气|宽带网|可做饭|阳台|独立卫生间
我爱我家,fang_2229116,35.58,,912,11,中,7800,整租,押零付年,东南,,1,18,2014,2,2,100,1,20,20,3,20,20,20,20,20,20,110,73,70,31,2018/4/5 22:00,精,海淀,牡丹园,可做饭|阳台|独立卫生间
,,18.48,,90,1,低,2000,合租,押零付十一,南,次,1,6,1984,1,3,25,1,20,20,5,20,20,20,20,20,20,126,116,36,63,2018/4/6 3:00,中,海淀,魏公村,电视|热水器|冰箱|床|沙发|衣柜|暖气|可做饭|独立卫生间
我爱我家,fang_2226958,18.17,,537,4,,7500,整租,押零付半年,南,,1,5,2006,1,3,90,1,20,20,9,20,20,20,20,20,20,150,58,37,82,2018/4/6 8:00,精,海淀,人民大学,床
我爱我家,fang_482934,32.05,,96,1,低,5200,整租,(押一付年),东西,,1,6,1990,1,2,75,1,20,20,7,20,20,20,20,20,20,108,140,88,34,2018/4/6 13:00,中,海淀,五棵松,电视|空调|热水器|洗衣机|冰箱|床|沙发|衣柜|暖气|宽带网|可做饭|阳台|独立卫生间
安馨建业,fang_554681,29.17,,1076,13,中,1850,合租,押零付一,东,次,1,18,1990,1,3,18,1,20,20,9,20,20,20,20,20,20,109,75,150,51,2018/4/6 18:00,中,海淀,四季青,电视|空调|热水器|洗衣机|冰箱|床|沙发|衣柜|暖气|宽带网|可做饭|阳台|独立卫生间
,,21.94,,74,2,低,1400,合租,押零付年,南,次,1,6,,0,3,15,1,20,13,,20,20,20,20,16,20,141,54,46,110,2018/4/6 23:00,中,海淀,清河,电视|空调|热水器|洗衣机|冰箱|床|沙发|衣柜|暖气|宽带网|可做饭|阳台|独立卫生间
中恒地产,fang_1563582,29.43,,524,3,中,6100,整租,押零付一,南,,1,20,,1,1,52,1,20,20,9,20,20,20,20,20,20,92,84,120,87,2018/4/7 4:00,中,海淀,苏州街,电视|空调|热水器|洗衣机|冰箱|床|沙发|衣柜|暖气|宽带网|可做饭|阳台|独立卫生间
,,67.51,,664,6,,5300,整租,押一付半年peizhi[],南北,,0,5,1978,1,2,85,1,,20,18,20,20,20,20,20,20,63,28,47,45,2018/4/7 9:00,精,海淀,西三旗,床
链家地产,fang_2165852,39.59,,108,1,中,5500,整租,押三付四,东南,,1,17,,1,1,66,1,20,20,12,20,20,20,20,20,20,81,52,96,68,2018/4/7 14:00,中,海淀,四季青,电视|空调|热水器|洗衣机|冰箱|床|沙发|衣柜|暖气|宽带网|可做饭|阳台|独立卫生间
我爱我家,fang_2066323,44.89,,72,1,中,14500,整租,押二付半年,南北,,1,23,1994,1,3,180,2,20,20,4,20,18,20,20,20,20,113,56,115,56,2018/4/7 19:00,精,海淀,北太平庄,电视|空调|热水器|洗衣机|冰箱|床|沙发|衣柜|暖气|宽带网|可做饭|阳台
,,27.21,,114,2,,1600,整租,押零付三,南,,0,2,1985,1,1,22,1,20,20,5,20,20,20,20,20,20,113,101,62,66,2018/4/8 0:00,精,海淀,上地,电视|空调|热水器|洗衣机|冰箱|床|沙发|衣柜|暖气|宽带网|可做饭|阳台|独立卫生间
,,27.92,,1386,9,,1300,整租,押零付一,南,,1,3,2004,0,1,20,1,20,20,12,20,20,20,20,20,20,144,112,73,76,2018/4/8 5:00,精,海淀,西三旗,电视|空调|热水器|洗衣机|冰箱|床|沙发|衣柜|暖气|宽带网|可做饭|阳台|独立卫生间
链家地产,fang_2122070,25.32,,4829,15,低,6000,整租,押零付一,东西,,1,10,2012,1,2,61,1,20,20,8,20,20,20,20,20,20,143,69,60,63,2018/4/8 10:00,豪,海淀,白石桥,电视|空调|热水器|洗衣机|冰箱|床|衣柜|暖气|宽带网|可做饭|独立卫生间
链家地产,fang_2138774,70.7,,0,0,,5420,整租,面议,东,,1,5,,1,2,60,1,20,20,7,20,20,20,20,20,20,96,160,171,19,2018/4/8 15:00,精,海淀,航天桥,电视|空调|热水器|洗衣机|冰箱|床|沙发|衣柜|暖气|宽带网|可做饭|阳台|独立卫生间
中天置地,fang_2096433,42.39,,600,8,中,1000,合租,押零付一,南,隔断,1,6,1993,1,3,10,1,20,18,6,20,20,20,20,20,20,96,160,46,40,2018/4/8 20:00,精,海淀,人民大学,电视|空调|热水器|洗衣机|冰箱|床|暖气|宽带网
,,33.97,,267,3,,2200,整租,押零付年,南北,,0,2,1995,0,1,25,1,20,20,13,20,20,20,20,20,20,108,72,76,81,2018/4/9 1:00,中,海淀,四季青,电视|空调|热水器|洗衣机|冰箱|床|沙发|衣柜|暖气|宽带网|可做饭|阳台|独立卫生间
,,30.95,,180,2,中,4900,整租,不限,东南,,1,6,,1,1,55,1,20,20,5,20,20,20,20,20,20,172,107,87,24,2018/4/9 6:00,中,海淀,五道口,电视|空调|热水器|洗衣机|冰箱|床|沙发|衣柜|暖气|宽带网|可做饭|阳台|独立卫生间
鹏基伟业房地产,fang_2180518,29.23,,3299,40,低,1500,合租,押一付三,南,次,1,6,1992,2,3,18,1,20,20,11,20,20,20,20,20,20,107,112,115,45,2018/4/9 11:00,精,海淀,五道口,电视|空调|热水器|洗衣机|冰箱|床|暖气|宽带网
爱屋吉屋,fang_2183454,41.59,,395,3,低,5000,整租,押一付三,南北,,1,28,2003,1,2,90,1,20,20,3,20,20,20,20,20,20,122,139,27,53,2018/4/9 16:00,精,海淀,西三旗,电视|空调|热水器|洗衣机|冰箱|床|暖气|宽带网
博创嘉业,fang_2117305,27.88,,252,3,高,1450,合租,押一付三,南,隔断,1,32,1990,1,3,12,2,20,20,12,20,20,20,20,20,20,85,77,82,80,2018/4/9 21:00,中,海淀,清河,电视|空调|热水器|洗衣机|微波炉|冰箱|床|沙发|衣柜|暖气|宽带网|可做饭|阳台|独立卫生间
我爱我家,fang_1880418,25.76,,4,1,中,5500,整租,押一付年,南北,,1,6,,2,3,98,1,20,20,2,20,20,20,20,20,20,110,99,29,67,2018/4/10 2:00,中,海淀,西二旗,电视|空调|热水器|洗衣机|冰箱|床|沙发|衣柜|暖气|宽带网|可做饭|阳台|独立卫生间
,,34.98,,1269,4,低,5800,整租,押零付半年,南北,,1,6,,1,2,70,1,20,20,5,20,20,20,20,20,20,129,98,51,59,2018/4/10 7:00,中,海淀,五道口,电视|空调|热水器|冰箱|床|沙发|衣柜|暖气|可做饭|阳台|独立卫生间
中润置家,fang_2233735,26.36,,1620,13,中,1400,合租,押零付半年,南,主,1,15,2005,1,3,25,1,20,20,10,20,20,20,20,20,20,71,108,110,94,2018/4/10 12:00,精,海淀,温泉,电视|空调|热水器|洗衣机|冰箱|床|沙发|衣柜|暖气|宽带网|可做饭|阳台|独立卫生间
中润置家,fang_2236796,56.1,,48,1,中,1600,合租,押零付一,南,次,1,12,,1,3,20,1,20,20,11,20,20,20,20,20,20,87,87,101,67,2018/4/10 17:00,精,海淀,四季青,热水器|暖气|可做饭|阳台|独立卫生间
鹏辉地产,fang_2112214,50.69,,919,7,高,1300,合租,押一付半年,南,次,1,27,2006,1,4,13,1,20,20,6,20,20,20,20,20,20,184,87,44,22,2018/4/10 22:00,中,海淀,清河,电视|空调|热水器|洗衣机|冰箱|床|暖气|宽带网
金路达,fang_2196089,30.52,,176,2,,2200,整租,押零付年,南北,,1,4,1990,1,1,25,1,20,20,15,20,20,20,20,20,20,114,69,79,85,2018/4/11 3:00,中,海淀,四季青,电视|空调|热水器|洗衣机|冰箱|床|沙发|衣柜|暖气|宽带网|可做饭|阳台|独立卫生间
希望置地,fang_2197597,50,,1960,10,中,4400,整租,押零付一,南,,1,10,,1,2,62,1,20,20,6,20,20,20,20,20,20,57,71,70,120,2018/4/11 8:00,精,海淀,田村,床
鹏基伟业房地产,fang_2011854,34.05,,216,3,中,2500,合租,押零付一,南,次,1,6,1980,1,3,28,1,20,20,5,20,20,20,20,20,20,110,82,95,56,2018/4/11 13:00,精,海淀,人民大学,电视|空调|热水器|洗衣机|冰箱|床|沙发|衣柜|暖气|宽带网|可做饭|阳台|独立卫生间
安馨建业,fang_554681,57.23,,150,3,高,1700,合租,押零付半年,南,次,1,6,1992,1,3,20,1,20,20,7,20,19,20,20,20,20,97,79,72,54,2018/4/11 18:00,中,海淀,四季青,电视|空调|热水器|洗衣机|冰箱|床|沙发|衣柜|暖气|宽带网|可做饭|阳台|独立卫生间
千万家地产,fang_2186986,36.54,,208,3,中,2600,合租,押零付三,南,主,1,6,1990,1,3,28,1,20,20,4,20,20,20,20,20,20,92,99,65,128,2018/4/11 23:00,中,海淀,蓟门桥,电视|空调|热水器|洗衣机|微波炉|冰箱|床|沙发|衣柜|暖气|宽带网|可做饭|阳台|独立卫生间
链家地产,fang_2228281,8.13,,132,1,高,5000,整租,押零付三,南,,1,6,2011,1,1,43,1,20,20,12,20,20,20,20,20,20,124,76,42,55,2018/4/12 4:00,精,海淀,二里庄,电视|空调|热水器|洗衣机|冰箱|床|暖气|宽带网|可做饭
我爱我家,fang_2227006,64.18,,126,3,高,15600,整租,押零付三,东南,,1,19,1995,2,3,150,2,20,6,,20,11,20,20,6,20,55,35,56,91,2018/4/12 9:00,简,海淀,五道口,空调|热水器|洗衣机|冰箱|床|沙发|衣柜|暖气|宽带网|可做饭|阳台
我爱我家,fang_2138329,9.3,,396,5,高,5300,整租,押零付一,西,,1,19,1988,1,1,48,1,20,20,9,20,20,20,20,20,20,140,105,86,48,2018/4/12 14:00,精,海淀,定慧寺,电视|空调|热水器|洗衣机|冰箱|床|沙发|衣柜|暖气|宽带网|可做饭|阳台|独立卫生间
鹏基伟业房地产,fang_2185114,54.16,,289,1,中,1500,合租,,南,次,1,6,,1,3,18,1,20,20,13,20,20,20,20,20,20,127,83,40,71,2018/4/12 19:00,中,海淀,上地,电视|空调|热水器|洗衣机|冰箱|床|沙发|衣柜|暖气|宽带网|可做饭|阳台|独立卫生间
中润置家,fang_2233815,13.96,,449,6,中,2300,合租,,南,主,1,15,1980,1,3,30,1,20,20,7,20,20,20,20,20,20,86,119,69,49,2018/4/13 0:00,中,海淀,四季青,电视|空调|热水器|洗衣机|冰箱|床|沙发|衣柜|暖气|宽带网|可做饭|独立卫生间
我爱我家,fang_1966267,32.05,,240,1,中,4400,整租,,南,,1,12,,1,1,52,1,20,20,14,20,20,20,20,20,20,111,80,79,60,2018/4/13 5:00,精,海淀,公主坟,电视|空调|热水器|洗衣机|冰箱|床|暖气|宽带网
鹏基伟业房地产,fang_2185204,25.11,,315,8,中,1666,合租,,南,次,1,6,1990,1,3,18,1,20,20,4,20,20,20,20,20,20,50,130,86,21,2018/4/13 10:00,简,海淀,人民大学,电视|空调|热水器|洗衣机|冰箱|床|沙发|衣柜|暖气|宽带网|可做饭|阳台|独立卫生间
,,21.67,,61,3,低,6500,整租,,南北,,1,6,1999,1,2,65,1,20,20,12,20,20,20,20,20,20,108,130,45,54,2018/4/13 15:00,精,海淀,北大清华,电视|空调|热水器|洗衣机|冰箱|床|沙发|衣柜|暖气|宽带网|可做饭|阳台|独立卫生间
,,37.5,,1800,6,中,2300,合租,,南,次,1,6,,1,3,25,1,20,20,4,20,20,20,20,20,20,71,83,114,82,2018/4/13 20:00,精,海淀,北大清华,电视|空调|热水器|洗衣机|微波炉|冰箱|床|沙发|衣柜|暖气|宽带网|可做饭|阳台|独立卫生间
纳什空间,fang_2221645,9.3,,180,3,高,9000,整租,,西南,,1,22,2000,1,3,130,1,20,20,6,20,16,20,20,20,20,88,128,81,31,2018/4/14 1:00,中,海淀,五棵松,电视|空调|热水器|洗衣机|冰箱|床|沙发|衣柜|暖气|宽带网|阳台|独立卫生间
中润置家,fang_2240026,9.55,,6,1,低,1800,合租,,南,主,1,15,,1,3,20,1,20,20,10,20,20,20,20,20,20,106,77,40,90,2018/4/14 6:00,中,海淀,四季青,电视|空调|热水器|洗衣机|冰箱|床|沙发|衣柜|暖气|宽带网|可做饭|阳台|独立卫生间
